百分之百,程度副词
倍加,程度副词
备至,程度副词
不得了,程度副词
不堪,程度副词
不可开交,程度副词
不亦乐乎,程度副词
不折不扣,程度副词
彻头彻尾,程度副词
充分,程度副词
到头,程度副词
地地道道,程度副词
非常,程度副词
极,程度副词
极度,程度副词
极端,程度副词
极其,程度副词
极为,程度副词
截然,程度副词
尽,程度副词
惊人地,程度副词
绝,程度副词
绝顶,程度副词
绝对,程度副词
绝对化,程度副词
刻骨,程度副词
酷,程度副词
满,程度副词
满贯,程度副词
满心,程度副词
莫大,程度副词
奇,程度副词
入骨,程度副词
甚为,程度副词
十二分,程度副词
十分,程度副词
十足,程度副词
死,程度副词
滔天,程度副词
痛,程度副词
透,程度副词
完全,程度副词
完完全全,程度副词
万,程度副词
万般,程度副词
万分,程度副词
万万,程度副词
无比,程度副词
无度,程度副词
无可估量,程度副词
无以复加,程度副词
无以伦比,程度副词
要命,程度副词
要死,程度副词
已极,程度副词
已甚,程度副词
异常,程度副词
逾常,程度副词
贼,程度副词
之极,程度副词
之至,程度副词
至极,程度副词
卓绝,程度副词
最为,程度副词
佼佼,程度副词
郅,程度副词
綦,程度副词
齁,程度副词
最,程度副词
不过,程度副词
不少,程度副词
不胜,程度副词
惨,程度副词
沉,程度副词
沉沉,程度副词
出奇,程度副词
大为,程度副词
多,程度副词
多多,程度副词
多加,程度副词
多么,程度副词
分外,程度副词
格外,程度副词
够瞧的,程度副词
够戗,程度副词
好,程度副词
好不,程度副词
何等,程度副词
很,程度副词
很是,程度副词
坏,程度副词
可,程度副词
老,程度副词
老大,程度副词
良,程度副词
颇,程度副词
颇为,程度副词
甚,程度副词
实在,程度副词
太,程度副词
太甚,程度副词
特,程度副词
特别,程度副词
尤,程度副词
尤其,程度副词
尤为,程度副词
尤以,程度副词
远,程度副词
着实,程度副词
曷,程度副词
碜,程度副词
大不了,程度副词
多,程度副词
更,程度副词
更加,程度副词
更进一步,程度副词
更为,程度副词
还,程度副词
还要,程度副词
较,程度副词
较比,程度副词
较为,程度副词
进一步,程度副词
那般,程度副词
那么,程度副词
那样,程度副词
强,程度副词
如斯,程度副词
益,程度副词
益发,程度副词
尤甚,程度副词
逾,程度副词
愈,程度副词
愈 ... 愈,程度副词
愈发,程度副词
愈加,程度副词
愈来愈,程度副词
愈益,程度副词
远远,程度副词
越 ... 越,程度副词
越发,程度副词
越加,程度副词
越来越,程度副词
越是,程度副词
这般,程度副词
这样,程度副词
足,程度副词
足足,程度副词
点点滴滴,程度副词
多多少少,程度副词
怪,程度副词
好生,程度副词
还,程度副词
或多或少,程度副词
略,程度副词
略加,程度副词
略略,程度副词
略微,程度副词
略为,程度副词
蛮,程度副词
稍,程度副词
稍稍,程度副词
稍微,程度副词
稍为,程度副词
稍许,程度副词
挺,程度副词
未免,程度副词
相当,程度副词
些,程度副词
些微,程度副词
些小,程度副词
一点,程度副词
一点儿,程度副词
一些,程度副词
有点,程度副词
有点儿,程度副词
有些,程度副词
半点,程度副词
不大,程度副词
不丁点儿,程度副词
不甚,程度副词
不怎么,程度副词
聊,程度副词
没怎么,程度副词
轻度,程度副词
弱,程度副词
丝毫,程度副词
微,程度副词
相对,程度副词
不为过,程度副词
超,程度副词
超额,程度副词
超外差,程度副词
超微结构,程度副词
超物质,程度副词
出头,程度副词
多,程度副词
浮,程度副词
过,程度副词
过度,程度副词
过分,程度副词
过火,程度副词
过劲,程度副词
过了头,程度副词
过猛,程度副词
过热,程度副词
过甚,程度副词
过头,程度副词
过于,程度副词
过逾,程度副词
何止,程度副词
何啻,程度副词
开外,程度副词
苦,程度副词
老,程度副词
偏,程度副词
强,程度副词
溢,程度副词
忒,程度副词
察觉,主张词语
触目,主张词语
耳闻,主张词语
发,主张词语
发觉,主张词语
发现,主张词语
风闻,主张词语
感,主张词语
感觉,主张词语
感觉到,主张词语
感受到,主张词语
见到,主张词语
见得,主张词语
觉,主张词语
觉得,主张词语
看得出来,主张词语
窥见,主张词语
领教,主张词语
听说,主张词语
痛感,主张词语
预感,主张词语
自觉,主张词语
抱定,主张词语
当,主张词语
道,主张词语
感到,主张词语
感觉,主张词语
觉得,主张词语
看,主张词语
看待,主张词语
论,主张词语
认定,主张词语
认为,主张词语
认准,主张词语
想,主张词语
相信,主张词语
以为,主张词语
主张,主张词语
噲 ,情感正面
媢 ,情感正面
媢嫉 ,情感正面
忺 ,情感正面
爱 ,情感正面
爱不忍释 ,情感正面
爱不释手 ,情感正面
爱宠 ,情感正面
爱戴 ,情感正面
爱抚 ,情感正面
爱好 ,情感正面
爱护 ,情感正面
爱怜 ,情感正面
爱恋 ,情感正面
爱慕 ,情感正面
爱上 ,情感正面
爱屋及乌 ,情感正面
爱惜 ,情感正面
安 ,情感正面
昂扬 ,情感正面
巴 ,情感正面
巴不得 ,情感正面
巴望 ,情感正面
摆好 ,情感正面
拜 ,情感正面
拜拜 ,情感正面
拜服 ,情感正面
拜贺 ,情感正面
拜谒 ,情感正面
褒 ,情感正面
褒奖 ,情感正面
褒扬 ,情感正面
睎 ,情感正面
表扬 ,情感正面
表彰 ,情感正面
并重 ,情感正面
补台 ,情感正面
不看僧面看佛面 ,情感正面
不愧 ,情感正面
不胜欣忭 ,情感正面
不惜 ,情感正面
不厌 ,情感正面
睬 ,情感正面
采纳 ,情感正面
参拜 ,情感正面
参谒 ,情感正面
侧重 ,情感正面
馋 ,情感正面
畅快 ,情感正面
唱喏 ,情感正面
倡 ,情感正面
朝拜 ,情感正面
朝思暮想 ,情感正面
撑台面 ,情感正面
撑腰 ,情感正面
称 ,情感正面
称道 ,情感正面
称快 ,情感正面
称赏 ,情感正面
称颂 ,情感正面
称叹 ,情感正面
称羡 ,情感正面
称谢 ,情感正面
称心 ,情感正面
称心如意 ,情感正面
称心如愿 ,情感正面
称许 ,情感正面
称誉 ,情感正面
称愿 ,情感正面
称赞 ,情感正面
承 ,情感正面
承蒙 ,情感正面
承情 ,情感正面
承望 ,情感正面
承应 ,情感正面
骋怀 ,情感正面
吃醋 ,情感正面
痴 ,情感正面
痴恋 ,情感正面
痴迷 ,情感正面
痴情 ,情感正面
痴心不改 ,情感正面
痴心妄想 ,情感正面
驰念 ,情感正面
驰思 ,情感正面
崇 ,情感正面
崇拜 ,情感正面
崇敬 ,情感正面
崇尚 ,情感正面
崇仰 ,情感正面
宠 ,情感正面
宠爱 ,情感正面
宠幸 ,情感正面
酬谢 ,情感正面
踌躇满志 ,情感正面
出迎 ,情感正面
垂爱 ,情感正面
垂念 ,情感正面
垂青 ,情感正面
垂涎 ,情感正面
垂涎三尺 ,情感正面
垂涎欲滴 ,情感正面
春风得意 ,情感正面
春风满面 ,情感正面
醋意大发 ,情感正面
措意 ,情感正面
答礼 ,情感正面
答谢 ,情感正面
答应 ,情感正面
打千 ,情感正面
大快人心 ,情感正面
大喜过望 ,情感正面
戴 ,情感正面
胆敢 ,情感正面
弹冠相庆 ,情感正面
当真 ,情感正面
当之无愧 ,情感正面
倒向 ,情感正面
道贺 ,情感正面
道谢 ,情感正面
得意 ,情感正面
得意忘形 ,情感正面
点头 ,情感正面
点头称是 ,情感正面
点头哈腰 ,情感正面
电贺 ,情感正面
奠祭 ,情感正面
吊祭 ,情感正面
盯紧 ,情感正面
盯住 ,情感正面
顶礼 ,情感正面
顶礼膜拜 ,情感正面
抖 ,情感正面
睹物思人 ,情感正面
妒 ,情感正面
妒恨 ,情感正面
妒火中烧 ,情感正面
妒嫉 ,情感正面
妒忌 ,情感正面
妒羡 ,情感正面
多留个心眼儿 ,情感正面
堕入爱河 ,情感正面
堕入情网 ,情感正面
额手称庆 ,情感正面
反哺 ,情感正面
放胆 ,情感正面
放在心上 ,情感正面
费心 ,情感正面
封禅 ,情感正面
疯魔 ,情感正面
奉 ,情感正面
奉若神明 ,情感正面
奉迎 ,情感正面
俯允 ,情感正面
甘 ,情感正面
甘心 ,情感正面
甘心情愿 ,情感正面
甘愿 ,情感正面
感 ,情感正面
感恩 ,情感正面
感恩戴德 ,情感正面
感激 ,情感正面
感激不尽 ,情感正面
感激涕零 ,情感正面
感同身受 ,情感正面
感谢 ,情感正面
感兴趣 ,情感正面
敢 ,情感正面
高看 ,情感正面
高山仰止 ,情感正面
高兴 ,情感正面
歌颂 ,情感正面
给 ... 留面子 ,情感正面
给脸 ,情感正面
给面子 ,情感正面
恭而敬之 ,情感正面
恭贺 ,情感正面
恭敬 ,情感正面
恭维 ,情感正面
恭喜 ,情感正面
恭祝 ,情感正面
供奉 ,情感正面
公祭 ,情感正面
拱手 ,情感正面
顾 ,情感正面
顾及 ,情感正面
顾盼自雄 ,情感正面
顾全 ,情感正面
顾惜 ,情感正面
挂牵 ,情感正面
关爱 ,情感正面
关怀 ,情感正面
关怀备至 ,情感正面
关切 ,情感正面
关心 ,情感正面
关照 ,情感正面
关注 ,情感正面
管 ,情感正面
贯注 ,情感正面
鬼迷心窍 ,情感正面
跪拜 ,情感正面
跪叩 ,情感正面
过 ,情感正面
过奖 ,情感正面
过问 ,情感正面
过誉 ,情感正面
哈 ,情感正面
酣畅 ,情感正面
豪情满怀 ,情感正面
好 ,情感正面
好奇 ,情感正面
好情 ,情感正面
喝彩 ,情感正面
合掌 ,情感正面
贺 ,情感正面
狠抓 ,情感正面
恨不得 ,情感正面
恨不能 ,情感正面
横心 ,情感正面
厚望 ,情感正面
怀 ,情感正面
怀恋 ,情感正面
怀念 ,情感正面
怀想 ,情感正面
欢 ,情感正面
欢畅 ,情感正面
欢欢喜喜 ,情感正面
欢快 ,情感正面
欢乐 ,情感正面
欢闹 ,情感正面
欢声雷动 ,情感正面
欢腾 ,情感正面
欢天喜地 ,情感正面
欢慰 ,情感正面
欢喜 ,情感正面
欢欣 ,情感正面
欢欣鼓舞 ,情感正面
欢迎 ,情感正面
欢愉 ,情感正面
欢娱 ,情感正面
欢悦 ,情感正面
欢忭 ,情感正面
还礼 ,情感正面
回敬 ,情感正面
回礼 ,情感正面
魂牵梦系 ,情感正面
魂牵梦萦 ,情感正面
豁朗 ,情感正面
稽首 ,情感正面
极热心 ,情感正面
集中 ,情感正面
集注 ,情感正面
急 ,情感正面
嫉 ,情感正面
嫉妒 ,情感正面
冀 ,情感正面
冀求 ,情感正面
冀望 ,情感正面
祭 ,情感正面
祭拜 ,情感正面
祭奠 ,情感正面
祭扫 ,情感正面
祭祀 ,情感正面
记挂 ,情感正面
忌 ,情感正面
忌妒 ,情感正面
嘉 ,情感正面
嘉奖 ,情感正面
嘉许 ,情感正面
夹道欢迎 ,情感正面
兼顾 ,情感正面
检点 ,情感正面
见爱 ,情感正面
见义勇为 ,情感正面
奖 ,情感正面
奖励 ,情感正面
奖赏 ,情感正面
奖掖 ,情感正面
讲 ,情感正面
讲究 ,情感正面
讲求 ,情感正面
交口称誉 ,情感正面
交口称赞 ,情感正面
叫好 ,情感正面
叫绝 ,情感正面
接受 ,情感正面
皆大欢喜 ,情感正面
尽 ,情感正面
尽孝 ,情感正面
尽忠 ,情感正面
惊喜 ,情感正面
景仰 ,情感正面
敬 ,情感正面
敬爱 ,情感正面
敬奉 ,情感正面
敬服 ,情感正面
敬贺 ,情感正面
敬礼 ,情感正面
敬慕 ,情感正面
敬佩 ,情感正面
敬若神明 ,情感正面
敬畏 ,情感正面
敬仰 ,情感正面
敬重 ,情感正面
敬祝 ,情感正面
竟敢 ,情感正面
鞠躬 ,情感正面
聚焦 ,情感正面
聚精会神 ,情感正面
眷爱 ,情感正面
眷恋 ,情感正面
眷念 ,情感正面
开绿灯 ,情感正面
开心 ,情感正面
看车 ,情感正面
看得起 ,情感正面
看得上 ,情感正面
看得上眼 ,情感正面
看上 ,情感正面
看上眼 ,情感正面
看在 ,情感正面
看中 ,情感正面
看重 ,情感正面
考究 ,情感正面
磕头 ,情感正面
渴慕 ,情感正面
渴念 ,情感正面
渴盼 ,情感正面
渴求 ,情感正面
渴望 ,情感正面
渴想 ,情感正面
肯 ,情感正面
肯定 ,情感正面
肯于 ,情感正面
口角春风 ,情感正面
酷爱 ,情感正面
酷好 ,情感正面
夸 ,情感正面
夸奖 ,情感正面
夸赞 ,情感正面
快 ,情感正面
快活 ,情感正面
快乐 ,情感正面
快慰 ,情感正面
快意 ,情感正面
宽畅 ,情感正面
宽松 ,情感正面
狂喜 ,情感正面
狂想 ,情感正面
来神 ,情感正面
乐 ,情感正面
乐不可支 ,情感正面
乐颠颠 ,情感正面
乐呵呵 ,情感正面
乐乐呵呵 ,情感正面
乐陶陶 ,情感正面
乐意 ,情感正面
乐悠悠 ,情感正面
乐于 ,情感正面
乐滋滋 ,情感正面
理会 ,情感正面
理直气壮 ,情感正面
礼赞 ,情感正面
立项 ,情感正面
力主 ,情感正面
怜爱 ,情感正面
恋 ,情感正面
恋爱 ,情感正面
恋恋不舍 ,情感正面
领情 ,情感正面
留个心眼儿 ,情感正面
留神 ,情感正面
留心 ,情感正面
留意 ,情感正面
论功行赏 ,情感正面
买账 ,情感正面
满 ,情感正面
满怀豪情 ,情感正面
满怀激情 ,情感正面
满面春风 ,情感正面
满心欢喜 ,情感正面
满意 ,情感正面
满足 ,情感正面
眉飞色舞 ,情感正面
美 ,情感正面
美言 ,情感正面
美滋滋 ,情感正面
梦魂萦绕 ,情感正面
梦寐以求 ,情感正面
梦想 ,情感正面
迷 ,情感正面
迷恋 ,情感正面
迷上 ,情感正面
面有喜色 ,情感正面
鸣谢 ,情感正面
谬奖 ,情感正面
膜拜 ,情感正面
默认 ,情感正面
默许 ,情感正面
慕 ,情感正面
慕名 ,情感正面
溺爱 ,情感正面
念 ,情感正面
拍案叫绝 ,情感正面
拍手称快 ,情感正面
拍手叫好 ,情感正面
盼 ,情感正面
盼念 ,情感正面
盼望 ,情感正面
佩 ,情感正面
佩服 ,情感正面
捧场 ,情感正面
批准 ,情感正面
偏爱 ,情感正面
偏宠 ,情感正面
偏好 ,情感正面
偏重 ,情感正面
飘飘然 ,情感正面
飘飘欲仙 ,情感正面
迫切需要 ,情感正面
普天同庆 ,情感正面
期 ,情感正面
期待 ,情感正面
期盼 ,情感正面
期望 ,情感正面
祈盼 ,情感正面
起敬 ,情感正面
企 ,情感正面
企慕 ,情感正面
企盼 ,情感正面
企望 ,情感正面
器重 ,情感正面
牵肠挂肚 ,情感正面
牵挂 ,情感正面
千恩万谢 ,情感正面
敲边鼓 ,情感正面
瞧得起 ,情感正面
瞧得上眼 ,情感正面
翘盼 ,情感正面
翘企 ,情感正面
翘望 ,情感正面
钦 ,情感正面
钦佩 ,情感正面
亲热 ,情感正面
亲热亲热 ,情感正面
轻快 ,情感正面
倾慕 ,情感正面
倾向 ,情感正面
倾心 ,情感正面
情有独钟 ,情感正面
情愿 ,情感正面
庆 ,情感正面
庆贺 ,情感正面
庆幸 ,情感正面
庆祝 ,情感正面
圈定 ,情感正面
饶有兴趣 ,情感正面
热心 ,情感正面
人心大快 ,情感正面
认 ,情感正面
认可 ,情感正面
认了 ,情感正面
认命 ,情感正面
日有所思 ,情感正面
融融 ,情感正面
容 ,情感正面
容许 ,情感正面
如痴如狂 ,情感正面
如痴如醉 ,情感正面
如获至宝 ,情感正面
如意 ,情感正面
如愿以偿 ,情感正面
如醉如痴 ,情感正面
入迷 ,情感正面
入魔 ,情感正面
入神 ,情感正面
赏 ,情感正面
赏识 ,情感正面
赏赉 ,情感正面
尚 ,情感正面
烧高香 ,情感正面
奢望 ,情感正面
申谢 ,情感正面
伸张 ,情感正面
神魂颠倒 ,情感正面
神往 ,情感正面
甚感欢慰 ,情感正面
盛赞 ,情感正面
施礼 ,情感正面
十分满意 ,情感正面
示好 ,情感正面
示同意 ,情感正面
示喜 ,情感正面
释放善意 ,情感正面
手舞足蹈 ,情感正面
首肯 ,情感正面
守候 ,情感正面
守岁 ,情感正面
舒畅 ,情感正面
舒服 ,情感正面
舒坦 ,情感正面
属望 ,情感正面
属意 ,情感正面
树碑立传 ,情感正面
爽 ,情感正面
爽快 ,情感正面
爽心 ,情感正面
爽怡 ,情感正面
说好 ,情感正面
说好话 ,情感正面
说妥 ,情感正面
说项 ,情感正面
思 ,情感正面
思恋 ,情感正面
思慕 ,情感正面
思念 ,情感正面
松心 ,情感正面
颂 ,情感正面
颂扬 ,情感正面
颂赞 ,情感正面
送往迎来 ,情感正面
随心 ,情感正面
遂心 ,情感正面
遂意 ,情感正面
抬爱 ,情感正面
抬举 ,情感正面
贪 ,情感正面
贪恋 ,情感正面
贪图 ,情感正面
叹 ,情感正面
叹服 ,情感正面
叹赏 ,情感正面
叹为观止 ,情感正面
叹羡 ,情感正面
陶然 ,情感正面
陶陶 ,情感正面
陶醉 ,情感正面
特许 ,情感正面
疼 ,情感正面
疼爱 ,情感正面
疼惜 ,情感正面
提倡 ,情感正面
甜丝丝 ,情感正面
甜滋滋 ,情感正面
挑三拣四 ,情感正面
挑眼 ,情感正面
通过 ,情感正面
通融 ,情感正面
同意 ,情感正面
吐口 ,情感正面
吐气扬眉 ,情感正面
推 ,情感正面
推崇 ,情感正面
推戴 ,情感正面
推许 ,情感正面
推重 ,情感正面
推尊 ,情感正面
望 ,情感正面
望眼欲穿 ,情感正面
忘乎所以 ,情感正面
妄想 ,情感正面
维护 ,情感正面
畏 ,情感正面
温存 ,情感正面
问心无愧 ,情感正面
无愧 ,情感正面
嘻嘻哈哈 ,情感正面
稀罕 ,情感正面
希 ,情感正面
希罕 ,情感正面
希冀 ,情感正面
希图 ,情感正面
希望 ,情感正面
惜 ,情感正面
喜 ,情感正面
喜爱 ,情感正面
喜不自禁 ,情感正面
喜不自胜 ,情感正面
喜冲冲 ,情感正面
喜出望外 ,情感正面
喜好 ,情感正面
喜欢 ,情感正面
喜乐 ,情感正面
喜眉笑眼 ,情感正面
喜气洋洋 ,情感正面
喜上眉梢 ,情感正面
喜上心头 ,情感正面
喜兴 ,情感正面
喜形于色 ,情感正面
喜幸 ,情感正面
喜洋洋 ,情感正面
喜吟吟 ,情感正面
喜盈盈 ,情感正面
喜悦 ,情感正面
喜滋滋 ,情感正面
喜孜孜 ,情感正面
显扬 ,情感正面
羡 ,情感正面
羡慕 ,情感正面
相中 ,情感正面
想 ,情感正面
想念 ,情感正面
想望 ,情感正面
向 ,情感正面
向 ... 倾斜 ,情感正面
向往 ,情感正面
向着 ,情感正面
销魂 ,情感正面
消魂 ,情感正面
孝敬 ,情感正面
孝顺 ,情感正面
写意 ,情感正面
谢 ,情感正面
谢天谢地 ,情感正面
谢谢 ,情感正面
欣 ,情感正面
欣赏 ,情感正面
欣慰 ,情感正面
欣喜 ,情感正面
欣喜若狂 ,情感正面
欣羡 ,情感正面
欣幸 ,情感正面
忻 ,情感正面
心驰神往 ,情感正面
心荡神驰 ,情感正面
心甘 ,情感正面
心甘情愿 ,情感正面
心花怒放 ,情感正面
心旷神怡 ,情感正面
心满意足 ,情感正面
心疼 ,情感正面
心向 ,情感正面
心醉 ,情感正面
兴高采烈 ,情感正面
行礼 ,情感正面
需 ,情感正面
需要 ,情感正面
许 ,情感正面
许可 ,情感正面
轩然 ,情感正面
悬红 ,情感正面
悬赏 ,情感正面
眼馋 ,情感正面
眼红 ,情感正面
眼热 ,情感正面
艳羡 ,情感正面
扬眉吐气 ,情感正面
扬扬 ,情感正面
扬扬得意 ,情感正面
扬扬自得 ,情感正面
洋洋得意 ,情感正面
洋洋自得 ,情感正面
仰 ,情感正面
仰慕 ,情感正面
摇头摆尾 ,情感正面
摇头晃脑 ,情感正面
要 ,情感正面
夜有所梦 ,情感正面
一往情深 ,情感正面
揖 ,情感正面
依依不舍 ,情感正面
依允 ,情感正面
以期 ,情感正面
以求 ,情感正面
意欲 ,情感正面
溢美 ,情感正面
引颈企待 ,情感正面
引领 ,情感正面
应 ,情感正面
应承 ,情感正面
应下 ,情感正面
应许 ,情感正面
应允 ,情感正面
应准 ,情感正面
迎 ,情感正面
迎候 ,情感正面
迎接 ,情感正面
迎来 ,情感正面
迎迓 ,情感正面
拥 ,情感正面
拥戴 ,情感正面
拥护 ,情感正面
咏赞 ,情感正面
用 ,情感正面
用心良苦 ,情感正面
有心 ,情感正面
有意 ,情感正面
俞允 ,情感正面
愉 ,情感正面
愉快 ,情感正面
愉悦 ,情感正面
欲 ,情感正面
誉 ,情感正面
愿 ,情感正面
愿意 ,情感正面
跃跃欲试 ,情感正面
悦 ,情感正面
悦服 ,情感正面
允 ,情感正面
允许 ,情感正面
允准 ,情感正面
在乎 ,情感正面
在心 ,情感正面
在意 ,情感正面
赞 ,情感正面
赞成 ,情感正面
赞服 ,情感正面
赞美 ,情感正面
赞慕 ,情感正面
赞佩 ,情感正面
赞赏 ,情感正面
赞颂 ,情感正面
赞叹 ,情感正面
赞同 ,情感正面
赞羡 ,情感正面
赞许 ,情感正面
赞扬 ,情感正面
赞誉 ,情感正面
沾沾自喜 ,情感正面
照准 ,情感正面
折服 ,情感正面
珍 ,情感正面
珍爱 ,情感正面
珍视 ,情感正面
珍惜 ,情感正面
珍重 ,情感正面
正中下怀 ,情感正面
支持 ,情感正面
知冷知热 ,情感正面
知冷着热 ,情感正面
知足 ,情感正面
指靠 ,情感正面
指望 ,情感正面
志愿 ,情感正面
挚爱 ,情感正面
致贺 ,情感正面
致敬 ,情感正面
致谢 ,情感正面
中意 ,情感正面
钟 ,情感正面
钟爱 ,情感正面
钟情 ,情感正面
重 ,情感正面
重视 ,情感正面
重在 ,情感正面
瞩目 ,情感正面
瞩望 ,情感正面
主持 ,情感正面
注 ,情感正面
注意 ,情感正面
注重 ,情感正面
祝 ,情感正面
祝福 ,情感正面
祝贺 ,情感正面
祝颂 ,情感正面
祝愿 ,情感正面
抓 ,情感正面
抓紧 ,情感正面
准 ,情感正面
准许 ,情感正面
准予 ,情感正面
着迷 ,情感正面
着想 ,情感正面
着眼 ,情感正面
着眼于 ,情感正面
自得 ,情感正面
自得其乐 ,情感正面
自告奋勇 ,情感正面
自满 ,情感正面
自鸣得意 ,情感正面
自认 ,情感正面
自愿 ,情感正面
自足 ,情感正面
宗仰 ,情感正面
醉心 ,情感正面
尊 ,情感正面
尊崇 ,情感正面
尊敬 ,情感正面
尊重 ,情感正面
傧 ,情感正面
佥同 ,情感正面
跂望 ,情感正面
讴歌 ,情感正面
谒 ,情感正面
哿 ,情感正面
埽 ,情感正面
萦念 ,情感正面
揄扬 ,情感正面
叩 ,情感正面
叩拜 ,情感正面
叩首 ,情感正面
叩头 ,情感正面
哙 ,情感正面
啧啧称羡 ,情感正面
啧啧称赞 ,情感正面
喁 ,情感正面
嗟 ,情感正面
醊 ,情感正面
徼 ,情感正面
夤 ,情感正面
饫 ,情感正面
廑 ,情感正面
忮 ,情感正面
忭 ,情感正面
忭跃 ,情感正面
怏然自足 ,情感正面
怿 ,情感正面
怡然自得 ,情感正面
恺 ,情感正面
悚 ,情感正面
惬 ,情感正面
惬意 ,情感正面
慊 ,情感正面
憧憬 ,情感正面
迓 ,情感正面
嬖 ,情感正面
绻 ,情感正面
觊 ,情感正面
觊觎 ,情感正面
犒 ,情感正面
犒劳 ,情感正面
犒赏 ,情感正面
胪 ,情感正面
歆 ,情感正面
歆慕 ,情感正面
歆羡 ,情感正面
祀 ,情感正面
祗 ,情感正面
眄 ,情感正面
顒 ,情感正面
锺 ,情感正面
鹄望 ,情感正面
翊戴 ,情感正面
裣衽 ,情感正面
酹 ,情感正面
雩 ,情感正面
傒倖 ,情感负面
忷 ,情感负面
恟 ,情感负面
懆懆 ,情感负面
搥胸顿足 ,情感负面
哀 ,情感负面
哀哀切切 ,情感负面
哀愁 ,情感负面
哀怜 ,情感负面
哀悯 ,情感负面
哀戚 ,情感负面
哀凄 ,情感负面
哀切 ,情感负面
哀伤 ,情感负面
哀痛 ,情感负面
哀痛欲绝 ,情感负面
哀怨 ,情感负面
哀恸 ,情感负面
哀矜 ,情感负面
傲视 ,情感负面
懊 ,情感负面
懊恨 ,情感负面
懊悔 ,情感负面
懊恼 ,情感负面
懊丧 ,情感负面
百无聊赖 ,情感负面
败兴 ,情感负面
板 ,情感负面
板脸 ,情感负面
板面孔 ,情感负面
板起脸 ,情感负面
板着脸 ,情感负面
板着面孔 ,情感负面
半信半疑 ,情感负面
包涵 ,情感负面
包容 ,情感负面
褒贬 ,情感负面
睖睁 ,情感负面
薄 ,情感负面
抱不平 ,情感负面
抱憾 ,情感负面
抱憾终身 ,情感负面
抱恨 ,情感负面
抱恨终生 ,情感负面
抱恨终天 ,情感负面
抱疚 ,情感负面
抱愧 ,情感负面
抱歉 ,情感负面
抱怨 ,情感负面
暴跳 ,情感负面
暴跳如雷 ,情感负面
杯弓蛇影 ,情感负面
悲 ,情感负面
悲哀 ,情感负面
悲愁 ,情感负面
悲观失望 ,情感负面
悲悯 ,情感负面
悲戚 ,情感负面
悲凄 ,情感负面
悲切 ,情感负面
悲切切 ,情感负面
悲伤 ,情感负面
悲酸 ,情感负面
悲天悯人 ,情感负面
悲痛 ,情感负面
悲痛欲绝 ,情感负面
悲怆 ,情感负面
悲恸 ,情感负面
悲恻 ,情感负面
背包袱 ,情感负面
绷 ,情感负面
绷脸 ,情感负面
绷着脸 ,情感负面
鼻酸 ,情感负面
鄙 ,情感负面
鄙薄 ,情感负面
鄙贱 ,情感负面
鄙弃 ,情感负面
鄙视 ,情感负面
鄙夷 ,情感负面
鞭挞 ,情感负面
贬斥 ,情感负面
变脸 ,情感负面
变色 ,情感负面
变心 ,情感负面
表示坏情感 ,情感负面
憋 ,情感负面
憋得慌 ,情感负面
憋闷 ,情感负面
憋气 ,情感负面
憋屈 ,情感负面
憋着一肚子气 ,情感负面
勃然大怒 ,情感负面
驳难 ,情感负面
驳议 ,情感负面
不待见 ,情感负面
不甘 ,情感负面
不甘心 ,情感负面
不顾 ,情感负面
不过意 ,情感负面
不寒而栗 ,情感负面
不好过 ,情感负面
不好意思 ,情感负面
不快 ,情感负面
不落忍 ,情感负面
不满 ,情感负面
不满意 ,情感负面
不满足 ,情感负面
不念旧恶 ,情感负面
不平 ,情感负面
不容 ,情感负面
不是味儿 ,情感负面
不是滋味 ,情感负面
不是滋味儿 ,情感负面
不爽 ,情感负面
不死心 ,情感负面
不同意 ,情感负面
不闻不问 ,情感负面
不屑 ,情感负面
不屑一顾 ,情感负面
不屑于 ,情感负面
不以为然 ,情感负面
不愿 ,情感负面
不愿意 ,情感负面
不悦 ,情感负面
不赞成 ,情感负面
不赞同 ,情感负面
不忠 ,情感负面
不忠诚 ,情感负面
怖 ,情感负面
猜忌 ,情感负面
猜嫌 ,情感负面
猜疑 ,情感负面
惭 ,情感负面
惭惶 ,情感负面
惭愧 ,情感负面
惨痛 ,情感负面
仓皇失措 ,情感负面
藏奸 ,情感负面
操心 ,情感负面
诧 ,情感负面
诧异 ,情感负面
诧愕 ,情感负面
嘲骂 ,情感负面
嘲谑 ,情感负面
沉闷 ,情感负面
沉痛 ,情感负面
沉吟 ,情感负面
沉郁 ,情感负面
沉重 ,情感负面
诚惶诚恐 ,情感负面
吃不准 ,情感负面
吃错药 ,情感负面
吃后悔药 ,情感负面
痴愣 ,情感负面
持异议 ,情感负面
迟疑 ,情感负面
迟疑不决 ,情感负面
耻骂 ,情感负面
斥 ,情感负面
斥骂 ,情感负面
斥责 ,情感负面
踌躇 ,情感负面
踌躇不决 ,情感负面
踌躇不前 ,情感负面
愁 ,情感负面
愁惨 ,情感负面
愁肠百结 ,情感负面
愁眉不展 ,情感负面
愁眉紧锁 ,情感负面
愁眉苦脸 ,情感负面
愁眉锁眼 ,情感负面
愁闷 ,情感负面
愁容满面 ,情感负面
仇恨 ,情感负面
仇视 ,情感负面
臭骂 ,情感负面
出气 ,情感负面
出神 ,情感负面
吹胡子瞪眼 ,情感负面
捶胸顿足 ,情感负面
垂怜 ,情感负面
垂头丧气 ,情感负面
戳壁脚 ,情感负面
戳脊梁骨 ,情感负面
刺打 ,情感负面
蹿火 ,情感负面
错愕 ,情感负面
打骂 ,情感负面
打入冷宫 ,情感负面
打入十八层地狱 ,情感负面
打问号 ,情感负面
打怵 ,情感负面
打憷 ,情感负面
大吃一惊 ,情感负面
大跌眼镜 ,情感负面
大动肝火 ,情感负面
大发雷霆 ,情感负面
大惊失色 ,情感负面
大骂 ,情感负面
大失所望 ,情感负面
呆 ,情感负面
呆若木鸡 ,情感负面
呆怔 ,情感负面
呆滞 ,情感负面
呆住 ,情感负面
呆愣愣 ,情感负面
贷 ,情感负面
担惊受怕 ,情感负面
担心 ,情感负面
担忧 ,情感负面
胆颤心惊 ,情感负面
胆寒 ,情感负面
胆战心惊 ,情感负面
惮 ,情感负面
当紧 ,情感负面
当头棒喝 ,情感负面
得饶人处且饶人 ,情感负面
等不及 ,情感负面
等闲视之 ,情感负面
瞪眼 ,情感负面
低沉 ,情感负面
低落 ,情感负面
敌视 ,情感负面
惦 ,情感负面
惦挂 ,情感负面
惦记 ,情感负面
惦念 ,情感负面
掉魂 ,情感负面
掉以轻心 ,情感负面
跌眼镜 ,情感负面
动肝火 ,情感负面
动火 ,情感负面
动怒 ,情感负面
动气 ,情感负面
动摇 ,情感负面
恫 ,情感负面
斗 ,情感负面
斗争 ,情感负面
堵 ,情感负面
堵得慌 ,情感负面
堵心 ,情感负面
断肠 ,情感负面
断魂 ,情感负面
顿生疑窦 ,情感负面
顿足捶胸 ,情感负面
多虑 ,情感负面
多有微词 ,情感负面
恶 ,情感负面
恶骂 ,情感负面
扼腕 ,情感负面
耳热 ,情感负面
发愁 ,情感负面
发呆 ,情感负面
发狠 ,情感负面
发火 ,情感负面
发急 ,情感负面
发牢骚 ,情感负面
发毛 ,情感负面
发怒 ,情感负面
发脾气 ,情感负面
发怔 ,情感负面
发指 ,情感负面
发作 ,情感负面
发怵 ,情感负面
发愣 ,情感负面
发憷 ,情感负面
发飙 ,情感负面
翻然悔悟 ,情感负面
烦 ,情感负面
烦愁 ,情感负面
烦闷 ,情感负面
烦恼 ,情感负面
烦腻 ,情感负面
烦扰 ,情感负面
烦神 ,情感负面
烦厌 ,情感负面
烦忧 ,情感负面
烦躁 ,情感负面
反唇相讥 ,情感负面
反感 ,情感负面
犯愁 ,情感负面
犯急 ,情感负面
犯难 ,情感负面
犯疑心病 ,情感负面
犯怵 ,情感负面
犯憷 ,情感负面
非常悲哀 ,情感负面
非难 ,情感负面
非议 ,情感负面
费精神 ,情感负面
费神 ,情感负面
忿忿 ,情感负面
忿忿不平 ,情感负面
忿忿然 ,情感负面
忿恨 ,情感负面
忿怒 ,情感负面
忿恚 ,情感负面
忿懑 ,情感负面
愤愤 ,情感负面
愤愤不平 ,情感负面
愤愤然 ,情感负面
愤恨 ,情感负面
愤怒 ,情感负面
愤世嫉俗 ,情感负面
愤懑 ,情感负面
讽 ,情感负面
讽刺 ,情感负面
付之一笑 ,情感负面
负疚 ,情感负面
负气 ,情感负面
肝肠寸断 ,情感负面
感伤 ,情感负面
给 ... 当头棒喝 ,情感负面
给 ... 一点颜色看看 ,情感负面
攻击 ,情感负面
骨鲠在喉 ,情感负面
顾忌 ,情感负面
顾虑 ,情感负面
顾虑重重 ,情感负面
顾念 ,情感负面
寡欢 ,情感负面
挂 ,情感负面
挂怀 ,情感负面
挂火 ,情感负面
挂记 ,情感负面
挂虑 ,情感负面
挂念 ,情感负面
挂牵 ,情感负面
挂心 ,情感负面
怪 ,情感负面
怪罪 ,情感负面
光火 ,情感负面
过不去 ,情感负面
过分操心 ,情感负面
过虑 ,情感负面
过意不去 ,情感负面
害怕 ,情感负面
害羞 ,情感负面
害臊 ,情感负面
骇 ,情感负面
骇怪 ,情感负面
骇惧 ,情感负面
骇怕 ,情感负面
骇然失色 ,情感负面
骇异 ,情感负面
骇愕 ,情感负面
含悲 ,情感负面
含愤 ,情感负面
含恨 ,情感负面
含怒 ,情感负面
含沙射影 ,情感负面
含羞 ,情感负面
含怨 ,情感负面
涵容 ,情感负面
寒 ,情感负面
寒心 ,情感负面
憾 ,情感负面
悍然不顾 ,情感负面
汗颜 ,情感负面
毫不在乎 ,情感负面
呵 ,情感负面
呵斥 ,情感负面
呵责 ,情感负面
呵叱 ,情感负面
喝斥 ,情感负面
喝叱 ,情感负面
恨 ,情感负面
恨入骨髓 ,情感负面
恨铁不成钢 ,情感负面
恨之入骨 ,情感负面
红脸 ,情感负面
红眼 ,情感负面
猴儿急 ,情感负面
后顾之忧 ,情感负面
后悔 ,情感负面
后悔莫及 ,情感负面
后怕 ,情感负面
忽略 ,情感负面
忽视 ,情感负面
狐疑不决 ,情感负面
虎着脸 ,情感负面
怀恨 ,情感负面
怀恨在心 ,情感负面
怀疑 ,情感负面
坏情 ,情感负面
患 ,情感负面
荒 ,情感负面
荒废 ,情感负面
慌恐 ,情感负面
皇皇 ,情感负面
惶 ,情感负面
惶惶 ,情感负面
惶惶不安 ,情感负面
惶惶不可终日 ,情感负面
惶惶然 ,情感负面
惶惑 ,情感负面
惶惧 ,情感负面
惶恐 ,情感负面
惶恐不安 ,情感负面
惶然 ,情感负面
惶然不安 ,情感负面
惶悚 ,情感负面
惶遽 ,情感负面
灰溜溜 ,情感负面
灰头灰脸 ,情感负面
灰头土脸 ,情感负面
灰心 ,情感负面
灰心丧气 ,情感负面
回头 ,情感负面
悔 ,情感负面
悔不当初 ,情感负面
悔不该 ,情感负面
悔恨 ,情感负面
悔悟 ,情感负面
悔之不及 ,情感负面
悔之晚矣 ,情感负面
悔之无及 ,情感负面
魂不附体 ,情感负面
魂飞魄散 ,情感负面
魂飞天外 ,情感负面
火 ,情感负面
火急火燎 ,情感负面
火冒三丈 ,情感负面
火烧火燎 ,情感负面
火头上 ,情感负面
饥不择食 ,情感负面
激愤 ,情感负面
讥嘲 ,情感负面
讥刺 ,情感负面
讥讽 ,情感负面
讥讪 ,情感负面
讥诮 ,情感负面
鸡蛋里挑骨头 ,情感负面
极度悲哀 ,情感负面
极度悲伤 ,情感负面
急 ,情感负面
急巴巴 ,情感负面
急急巴巴 ,情感负面
急死 ,情感负面
急眼 ,情感负面
疾 ,情感负面
嫉恨 ,情感负面
悸栗 ,情感负面
忌 ,情感负面
忌惮 ,情感负面
忌恨 ,情感负面
见怪 ,情感负面
见罪 ,情感负面
将心比心 ,情感负面
将信将疑 ,情感负面
焦愁 ,情感负面
焦急 ,情感负面
焦虑 ,情感负面
焦心 ,情感负面
焦炙 ,情感负面
焦灼 ,情感负面
娇羞 ,情感负面
教训 ,情感负面
叫苦 ,情感负面
叫苦不迭 ,情感负面
叫苦连天 ,情感负面
叫骂 ,情感负面
叫嚣 ,情感负面
解气 ,情感负面
借古讽今 ,情感负面
介怀 ,情感负面
介意 ,情感负面
进退两难 ,情感负面
进退维谷 ,情感负面
惊 ,情感负面
惊怖 ,情感负面
惊诧 ,情感负面
惊呆 ,情感负面
惊怪 ,情感负面
惊骇 ,情感负面
惊慌 ,情感负面
惊慌失措 ,情感负面
惊惶 ,情感负面
惊惧 ,情感负面
惊恐 ,情感负面
惊怕 ,情感负面
惊奇 ,情感负面
惊奇不已 ,情感负面
惊叹 ,情感负面
惊讶 ,情感负面
惊疑 ,情感负面
惊异 ,情感负面
惊悚 ,情感负面
惊愕 ,情感负面
窘 ,情感负面
窘迫 ,情感负面
揪心 ,情感负面
疚愧 ,情感负面
拘束 ,情感负面
举棋不定 ,情感负面
沮 ,情感负面
沮丧 ,情感负面
惧 ,情感负面
惧怕 ,情感负面
眷顾 ,情感负面
觉得自己理亏 ,情感负面
绝望 ,情感负面
开炮 ,情感负面
看扁 ,情感负面
看不惯 ,情感负面
看不开 ,情感负面
看不起 ,情感负面
看不上 ,情感负面
看不上眼 ,情感负面
看不顺眼 ,情感负面
看淡 ,情感负面
看低 ,情感负面
看轻 ,情感负面
抗议 ,情感负面
苛察 ,情感负面
苛责 ,情感负面
可怜 ,情感负面
可惜 ,情感负面
恐 ,情感负面
恐慌 ,情感负面
恐惧 ,情感负面
口诛笔伐 ,情感负面
哭丧着脸 ,情感负面
哭笑不得 ,情感负面
苦闷 ,情感负面
苦恼 ,情感负面
苦涩 ,情感负面
宽贷 ,情感负面
宽假 ,情感负面
宽免 ,情感负面
宽赦 ,情感负面
宽恕 ,情感负面
宽宥 ,情感负面
狂怒 ,情感负面
亏心 ,情感负面
愧 ,情感负面
愧对 ,情感负面
愧汗 ,情感负面
愧恨 ,情感负面
愧悔 ,情感负面
愧疚 ,情感负面
愧怍 ,情感负面
愧恧 ,情感负面
愧赧 ,情感负面
困窘 ,情感负面
困迫 ,情感负面
拉不下脸 ,情感负面
拉不下脸来 ,情感负面
拉长个脸 ,情感负面
拉下脸 ,情感负面
拉下脸来 ,情感负面
来火 ,情感负面
来气 ,情感负面
赖 ,情感负面
懒得 ,情感负面
懒洋洋 ,情感负面
劳神 ,情感负面
老羞成怒 ,情感负面
冷嘲热讽 ,情感负面
冷淡 ,情感负面
怜 ,情感负面
怜悯 ,情感负面
怜惜 ,情感负面
怜恤 ,情感负面
脸红脖子粗 ,情感负面
脸红耳热 ,情感负面
脸皮薄 ,情感负面
脸上下不来 ,情感负面
凉 ,情感负面
两难 ,情感负面
亮红灯 ,情感负面
谅 ,情感负面
谅解 ,情感负面
虑 ,情感负面
乱 ,情感负面
乱了方寸 ,情感负面
骂 ,情感负面
骂不绝口 ,情感负面
骂大街 ,情感负面
骂得狗血淋头 ,情感负面
骂得狗血喷头 ,情感负面
骂街 ,情感负面
骂骂咧咧 ,情感负面
骂娘 ,情感负面
骂人 ,情感负面
埋没 ,情感负面
埋汰 ,情感负面
埋怨 ,情感负面
满不在乎 ,情感负面
满脸愁雾 ,情感负面
漫骂 ,情感负面
谩骂 ,情感负面
毛骨悚然 ,情感负面
冒火 ,情感负面
没个好脸 ,情感负面
没精打采 ,情感负面
没意思 ,情感负面
没有好脸 ,情感负面
闷 ,情感负面
闷沉沉 ,情感负面
闷闷 ,情感负面
闷闷不乐 ,情感负面
闷郁 ,情感负面
面斥 ,情感负面
面带怒色 ,情感负面
面带嗔色 ,情感负面
面面相觑 ,情感负面
面如死灰 ,情感负面
面如土色 ,情感负面
面无人色 ,情感负面
面有愧色 ,情感负面
面有难色 ,情感负面
面有愠色 ,情感负面
藐视 ,情感负面
蔑 ,情感负面
蔑视 ,情感负面
民怨沸腾 ,情感负面
悯 ,情感负面
鸣不平 ,情感负面
鸣冤叫屈 ,情感负面
摸不准 ,情感负面
磨不开 ,情感负面
抹不开 ,情感负面
漠然视之 ,情感负面
漠然置之 ,情感负面
漠视 ,情感负面
木然 ,情感负面
目瞪口呆 ,情感负面
纳罕 ,情感负面
难 ,情感负面
难过 ,情感负面
难堪 ,情感负面
难受 ,情感负面
难为情 ,情感负面
恼 ,情感负面
恼恨 ,情感负面
恼火 ,情感负面
恼怒 ,情感负面
恼羞成怒 ,情感负面
闹脾气 ,情感负面
闹情绪 ,情感负面
闹性子 ,情感负面
馁 ,情感负面
内疚 ,情感负面
腻 ,情感负面
腻烦 ,情感负面
腻歪 ,情感负面
腻味 ,情感负面
捏把汗 ,情感负面
捏一把汗 ,情感负面
怒 ,情感负面
怒不可遏 ,情感负面
怒斥 ,情感负面
怒冲冲 ,情感负面
怒发冲冠 ,情感负面
怒喝 ,情感负面
怒火冲天 ,情感负面
怒火中烧 ,情感负面
怒骂 ,情感负面
怒目 ,情感负面
怒气冲冲 ,情感负面
怒气冲天 ,情感负面
怒形于色 ,情感负面
怒叱 ,情感负面
怕 ,情感负面
怕生 ,情感负面
怕羞 ,情感负面
拍案而起 ,情感负面
排揎 ,情感负面
徘徊 ,情感负面
派不是 ,情感负面
旁敲侧击 ,情感负面
抨 ,情感负面
抨击 ,情感负面
批 ,情感负面
批斗 ,情感负面
苶 ,情感负面
皮里阳秋 ,情感负面
屁滚尿流 ,情感负面
偏废 ,情感负面
品头论足 ,情感负面
评头论足 ,情感负面
评头品足 ,情感负面
颇有微词 ,情感负面
破口大骂 ,情感负面
魄散魂飞 ,情感负面
迫不及待 ,情感负面
戚戚 ,情感负面
戚然 ,情感负面
七窍生烟 ,情感负面
凄惶 ,情感负面
凄切 ,情感负面
凄然 ,情感负面
凄酸 ,情感负面
凄婉 ,情感负面
凄怨 ,情感负面
凄恻 ,情感负面
歧视 ,情感负面
骑虎难下 ,情感负面
起疑心 ,情感负面
气 ,情感负面
气昂昂 ,情感负面
气不忿 ,情感负面
气不过 ,情感负面
气不平 ,情感负面
气冲冲 ,情感负面
气冲牛斗 ,情感负面
气短 ,情感负面
气忿 ,情感负面
气忿忿 ,情感负面
气愤 ,情感负面
气愤愤 ,情感负面
气鼓鼓 ,情感负面
气狠狠 ,情感负面
气哼哼 ,情感负面
气呼呼 ,情感负面
气乎乎 ,情感负面
气急败坏 ,情感负面
气恼 ,情感负面
气馁 ,情感负面
气头上 ,情感负面
气汹汹 ,情感负面
牵念 ,情感负面
迁怒 ,情感负面
谴 ,情感负面
谴责 ,情感负面
歉然 ,情感负面
歉甚 ,情感负面
瞧不起 ,情感负面
瞧不上 ,情感负面
瞧不上眼 ,情感负面
切齿 ,情感负面
切齿痛恨 ,情感负面
怯 ,情感负面
怯阵 ,情感负面
轻 ,情感负面
轻忽 ,情感负面
轻看 ,情感负面
轻蔑 ,情感负面
轻视 ,情感负面
清算 ,情感负面
穷极无聊 ,情感负面
饶 ,情感负面
饶人 ,情感负面
饶恕 ,情感负面
惹气 ,情感负面
人身攻击 ,情感负面
忍让 ,情感负面
柔肠百结 ,情感负面
柔肠寸断 ,情感负面
如泣如诉 ,情感负面
如丧考妣 ,情感负面
如鲠在喉 ,情感负面
辱骂 ,情感负面
撒气 ,情感负面
三心二意 ,情感负面
丧胆 ,情感负面
丧魂落魄 ,情感负面
丧气 ,情感负面
丧志 ,情感负面
扫兴 ,情感负面
杀气 ,情感负面
傻眼 ,情感负面
伤 ,情感负面
伤悲 ,情感负面
伤怀 ,情感负面
伤神 ,情感负面
伤心 ,情感负面
慑 ,情感负面
申斥 ,情感负面
申讨 ,情感负面
申饬 ,情感负面
深恶痛绝 ,情感负面
深以为异 ,情感负面
声讨 ,情感负面
生恐 ,情感负面
生怕 ,情感负面
生气 ,情感负面
生疑 ,情感负面
失悔 ,情感负面
失节 ,情感负面
失神 ,情感负面
失望 ,情感负面
失意 ,情感负面
使性子 ,情感负面
示不满 ,情感负面
示不同意 ,情感负面
示怒 ,情感负面
势成骑虎 ,情感负面
视同儿戏 ,情感负面
视同蝼蚁 ,情感负面
首鼠两端 ,情感负面
受窘 ,情感负面
疏 ,情感负面
数落 ,情感负面
数说 ,情感负面
恕 ,情感负面
恕宥 ,情感负面
说 ,情感负面
说不 ,情感负面
说风凉话 ,情感负面
说怪话 ,情感负面
酸 ,情感负面
酸楚 ,情感负面
酸溜溜 ,情感负面
缩头缩脑 ,情感负面
谈虎色变 ,情感负面
讨 ,情感负面
讨厌 ,情感负面
提心吊胆 ,情感负面
啼笑皆非 ,情感负面
体谅 ,情感负面
体念 ,情感负面
体惜 ,情感负面
体恤 ,情感负面
天怒人怨 ,情感负面
挑刺儿 ,情感负面
挑毛病 ,情感负面
同病相怜 ,情感负面
同情 ,情感负面
痛 ,情感负面
痛不欲生 ,情感负面
痛斥 ,情感负面
痛恶 ,情感负面
痛恨 ,情感负面
痛骂 ,情感负面
痛惜 ,情感负面
痛心 ,情感负面
痛心疾首 ,情感负面
痛责 ,情感负面
投诉 ,情感负面
兔死狐悲 ,情感负面
颓 ,情感负面
颓废 ,情感负面
颓靡 ,情感负面
颓然 ,情感负面
颓丧 ,情感负面
颓唐 ,情感负面
唾骂 ,情感负面
挖苦 ,情感负面
玩 ,情感负面
玩忽 ,情感负面
玩世不恭 ,情感负面
惋 ,情感负面
惋惜 ,情感负面
万箭穿心 ,情感负面
万念俱灰 ,情感负面
往心里去 ,情感负面
望而生畏 ,情感负面
微愠 ,情感负面
唯恐 ,情感负面
惟恐 ,情感负面
为难 ,情感负面
萎靡 ,情感负面
委决不下 ,情感负面
委靡 ,情感负面
委屈 ,情感负面
委罪 ,情感负面
畏 ,情感负面
畏忌 ,情感负面
畏惧 ,情感负面
畏葸 ,情感负面
闻风丧胆 ,情感负面
问心有愧 ,情感负面
窝火 ,情感负面
窝囊 ,情感负面
窝气 ,情感负面
窝心 ,情感负面
无地自容 ,情感负面
无精打采 ,情感负面
无聊 ,情感负面
无名火起 ,情感负面
无视 ,情感负面
无所谓 ,情感负面
无心 ,情感负面
无意 ,情感负面
物伤其类 ,情感负面
惜 ,情感负面
系 ,情感负面
系念 ,情感负面
戏侮 ,情感负面
下不来台 ,情感负面
下不了台 ,情感负面
衔恨 ,情感负面
衔冤 ,情感负面
嫌 ,情感负面
嫌恶 ,情感负面
嫌弃 ,情感负面
嫌厌 ,情感负面
嫌憎 ,情感负面
想不开 ,情感负面
向 ... 问罪 ,情感负面
向隅 ,情感负面
向隅而泣 ,情感负面
消沉 ,情感负面
小看 ,情感负面
小瞧 ,情感负面
小视 ,情感负面
笑骂 ,情感负面
泄劲 ,情感负面
泄气 ,情感负面
心胆俱裂 ,情感负面
心烦 ,情感负面
心烦意乱 ,情感负面
心寒 ,情感负面
心灰意懒 ,情感负面
心灰意冷 ,情感负面
心急 ,情感负面
心急火燎 ,情感负面
心急如焚 ,情感负面
心急如火 ,情感负面
心焦 ,情感负面
心焦如焚 ,情感负面
心惊胆颤 ,情感负面
心惊胆战 ,情感负面
心惊肉跳 ,情感负面
心里堵得慌 ,情感负面
心情沉重 ,情感负面
心如刀割 ,情感负面
心如刀绞 ,情感负面
心如死灰 ,情感负面
心酸 ,情感负面
心碎 ,情感负面
心疼 ,情感负面
心痛 ,情感负面
心虚 ,情感负面
心绪沉落 ,情感负面
心有余悸 ,情感负面
杏眼圆睁 ,情感负面
羞 ,情感负面
羞惭 ,情感负面
羞答答 ,情感负面
羞恶 ,情感负面
羞窘 ,情感负面
羞愧 ,情感负面
羞怯 ,情感负面
羞人 ,情感负面
羞人答答 ,情感负面
羞涩 ,情感负面
羞羞答答 ,情感负面
羞于 ,情感负面
羞臊 ,情感负面
羞赧 ,情感负面
虚惊 ,情感负面
嘘 ,情感负面
恤 ,情感负面
絮烦 ,情感负面
悬 ,情感负面
悬念 ,情感负面
悬系 ,情感负面
悬心 ,情感负面
训斥 ,情感负面
训戒 ,情感负面
训诫 ,情感负面
讶 ,情感负面
讶然 ,情感负面
讶然失色 ,情感负面
讶异 ,情感负面
厌 ,情感负面
厌恶 ,情感负面
厌烦 ,情感负面
厌恨 ,情感负面
厌倦 ,情感负面
厌腻 ,情感负面
厌气 ,情感负面
厌弃 ,情感负面
摇摆 ,情感负面
要紧 ,情感负面
一怒之下 ,情感负面
一气之下 ,情感负面
一怔 ,情感负面
遗憾 ,情感负面
疑 ,情感负面
疑惑 ,情感负面
疑忌 ,情感负面
疑虑 ,情感负面
疑虑重重 ,情感负面
疑神疑鬼 ,情感负面
抑郁 ,情感负面
抑郁寡欢 ,情感负面
意意思思 ,情感负面
义愤 ,情感负面
义愤填膺 ,情感负面
异 ,情感负面
阴郁 ,情感负面
引咎 ,情感负面
引咎自责 ,情感负面
隐忧 ,情感负面
幽忧 ,情感负面
忧 ,情感负面
忧愁 ,情感负面
忧烦 ,情感负面
忧愤 ,情感负面
忧惧 ,情感负面
忧虑 ,情感负面
忧闷 ,情感负面
忧伤 ,情感负面
忧思 ,情感负面
忧心 ,情感负面
忧心如焚 ,情感负面
忧心忡忡 ,情感负面
忧郁 ,情感负面
忧怨 ,情感负面
忧悒 ,情感负面
犹疑 ,情感负面
犹豫 ,情感负面
油煎火燎 ,情感负面
游移 ,情感负面
有愧 ,情感负面
于心有愧 ,情感负面
虞 ,情感负面
郁 ,情感负面
郁闷 ,情感负面
郁郁不乐 ,情感负面
郁郁寡欢 ,情感负面
欲哭无泪 ,情感负面
詟 ,情感负面
原 ,情感负面
原谅 ,情感负面
原宥 ,情感负面
怨 ,情感负面
怨恨 ,情感负面
怨悔 ,情感负面
怨声载道 ,情感负面
怨天尤人 ,情感负面
在乎 ,情感负面
糟心 ,情感负面
责 ,情感负面
责备 ,情感负面
责斥 ,情感负面
责怪 ,情感负面
责骂 ,情感负面
责难 ,情感负面
责怨 ,情感负面
憎 ,情感负面
憎恶 ,情感负面
憎恨 ,情感负面
咋舌 ,情感负面
炸 ,情感负面
瞻前顾后 ,情感负面
战兢兢 ,情感负面
战战兢兢 ,情感负面
张口结舌 ,情感负面
找茬 ,情感负面
找茬儿 ,情感负面
找碴 ,情感负面
找碴儿 ,情感负面
找岔子 ,情感负面
针砭 ,情感负面
震 ,情感负面
震惊 ,情感负面
震怒 ,情感负面
震悚 ,情感负面
睁一眼闭一眼 ,情感负面
睁一只眼闭一只眼 ,情感负面
睁只眼闭只眼 ,情感负面
怔 ,情感负面
怔神儿 ,情感负面
怔怔 ,情感负面
怔住 ,情感负面
怔忪 ,情感负面
直眉瞪眼 ,情感负面
指斥 ,情感负面
指鸡骂狗 ,情感负面
指桑骂槐 ,情感负面
指责 ,情感负面
指摘 ,情感负面
置疑 ,情感负面
置于脑后 ,情感负面
置之不顾 ,情感负面
置之不理 ,情感负面
置之度外 ,情感负面
置之脑后 ,情感负面
质疑 ,情感负面
滞呆 ,情感负面
周恤 ,情感负面
咒 ,情感负面
咒骂 ,情感负面
咒诅 ,情感负面
抓瞎 ,情感负面
椎心泣血 ,情感负面
追悔 ,情感负面
追悔莫及 ,情感负面
着急 ,情感负面
着忙 ,情感负面
自暴自弃 ,情感负面
自惭形秽 ,情感负面
自咎 ,情感负面
自疚 ,情感负面
自馁 ,情感负面
自怨自艾 ,情感负面
自责 ,情感负面
诅 ,情感负面
诅骂 ,情感负面
诅咒 ,情感负面
左右两难 ,情感负面
左右为难 ,情感负面
做贼心虚 ,情感负面
作难 ,情感负面
作色 ,情感负面
倥 ,情感负面
讪讪 ,情感负面
诃 ,情感负面
诘 ,情感负面
诟 ,情感负面
诟病 ,情感负面
诮 ,情感负面
诶 ,情感负面
谇 ,情感负面
谪 ,情感负面
矍 ,情感负面
芴 ,情感负面
菀 ,情感负面
葸 ,情感负面
奚落 ,情感负面
奚幸 ,情感负面
尴尬 ,情感负面
挹 ,情感负面
掎 ,情感负面
掊 ,情感负面
掊击 ,情感负面
摭 ,情感负面
撸 ,情感负面
撺 ,情感负面
叱 ,情感负面
叱骂 ,情感负面
叱责 ,情感负面
哓 ,情感负面
呲 ,情感负面
啧有烦言 ,情感负面
嗔 ,情感负面
嗔斥 ,情感负面
嗔怪 ,情感负面
嗔怒 ,情感负面
嗤之以鼻 ,情感负面
嘀咕 ,情感负面
噍 ,情感负面
彷 ,情感负面
彷徨 ,情感负面
忏 ,情感负面
忏悔 ,情感负面
怃 ,情感负面
怄 ,情感负面
怄气 ,情感负面
忡 ,情感负面
怅 ,情感负面
怅恨 ,情感负面
怅然 ,情感负面
怅然若失 ,情感负面
怅怅 ,情感负面
怅惘 ,情感负面
怆 ,情感负面
怆怳 ,情感负面
怆恍 ,情感负面
怆然 ,情感负面
怆恻 ,情感负面
忪 ,情感负面
忸 ,情感负面
忸怩 ,情感负面
怵 ,情感负面
怵然 ,情感负面
怵头 ,情感负面
怛 ,情感负面
怏 ,情感负面
怏然 ,情感负面
怏然不悦 ,情感负面
怏怏 ,情感负面
怏怏不乐 ,情感负面
怍 ,情感负面
怫 ,情感负面
怫然 ,情感负面
怫然不悦 ,情感负面
怫然作色 ,情感负面
恸 ,情感负面
恻 ,情感负面
恻然 ,情感负面
恻隐 ,情感负面
恂 ,情感负面
悚 ,情感负面
悚然 ,情感负面
悒 ,情感负面
悒闷 ,情感负面
悒郁 ,情感负面
悒郁寡欢 ,情感负面
悒悒不乐 ,情感负面
悛 ,情感负面
悻然 ,情感负面
悻悻 ,情感负面
悻悻然 ,情感负面
惝恍 ,情感负面
惘 ,情感负面
惘然 ,情感负面
惘然若失 ,情感负面
惆 ,情感负面
惆怅 ,情感负面
愠 ,情感负面
愠怒 ,情感负面
愕 ,情感负面
愕然 ,情感负面
愣 ,情感负面
愣神儿 ,情感负面
愣怔 ,情感负面
愣怔怔 ,情感负面
愣住 ,情感负面
惴 ,情感负面
愀 ,情感负面
慊 ,情感负面
憷 ,情感负面
憷头 ,情感负面
懔 ,情感负面
忝 ,情感负面
闵 ,情感负面
渎 ,情感负面
宥 ,情感负面
骞 ,情感负面
娆 ,情感负面
嬉笑怒骂 ,情感负面
槁木死灰 ,情感负面
殚 ,情感负面
轸 ,情感负面
戟指 ,情感负面
腼腆 ,情感负面
膈应 ,情感负面
臊 ,情感负面
恝置 ,情感负面
恚 ,情感负面
恚愤 ,情感负面
恚恨 ,情感负面
恚怒 ,情感负面
恧 ,情感负面
愍 ,情感负面
憝 ,情感负面
懑 ,情感负面
瞠目结舌 ,情感负面
瞠然 ,情感负面
詈 ,情感负面
詈骂 ,情感负面
瘅 ,情感负面
竦 ,情感负面
矜 ,情感负面
赧 ,情感负面
赧然 ,情感负面
赧颜 ,情感负面
踟 ,情感负面
踟躇 ,情感负面
踟蹰 ,情感负面
踟蹰不前 ,情感负面
蹰 ,情感负面
觖 ,情感负面
觖望 ,情感负面
訾议 ,情感负面
黯然神伤 ,情感负面
黯然销魂 ,情感负面
侻 ,评价正面
俶傥 ,评价正面
僄 ,评价正面
劼 ,评价正面
嫕 ,评价正面
惇 ,评价正面
惓惓 ,评价正面
會 ,评价正面
牣 ,评价正面
皞 ,评价正面
挨边 ,评价正面
哀婉 ,评价正面
哀艳 ,评价正面
蔼 ,评价正面
蔼蔼 ,评价正面
蔼然 ,评价正面
蔼然可亲 ,评价正面
蔼如 ,评价正面
艾 ,评价正面
碍事 ,评价正面
安 ,评价正面
安安静静 ,评价正面
安安稳稳 ,评价正面
安定 ,评价正面
安顿 ,评价正面
安分 ,评价正面
安好 ,评价正面
安静 ,评价正面
安康 ,评价正面
安澜 ,评价正面
安乐 ,评价正面
安宁 ,评价正面
安全 ,评价正面
安然 ,评价正面
安然无事 ,评价正面
安然无恙 ,评价正面
安如磐石 ,评价正面
安如泰山 ,评价正面
安生 ,评价正面
安适 ,评价正面
安泰 ,评价正面
安恬 ,评价正面
安稳 ,评价正面
安详 ,评价正面
安逸 ,评价正面
安谧 ,评价正面
按期 ,评价正面
按时 ,评价正面
昂昂 ,评价正面
昂藏 ,评价正面
昂然 ,评价正面
傲然 ,评价正面
奥 ,评价正面
奥博 ,评价正面
奥妙 ,评价正面
巴结 ,评价正面
拔尖 ,评价正面
拔尖儿 ,评价正面
拔俗 ,评价正面
把牢 ,评价正面
把稳 ,评价正面
把细 ,评价正面
白 ,评价正面
白纸黑字 ,评价正面
百不一失 ,评价正面
百读不厌 ,评价正面
百废俱兴 ,评价正面
百里挑一 ,评价正面
百炼成钢 ,评价正面
百听不厌 ,评价正面
百无一失 ,评价正面
百依百顺 ,评价正面
百折不回 ,评价正面
百折不挠 ,评价正面
百折不挠地 ,评价正面
板板正正 ,评价正面
板实 ,评价正面
板正 ,评价正面
半公开 ,评价正面
半透明 ,评价正面
膀大腰圆 ,评价正面
膀阔腰圆 ,评价正面
棒 ,评价正面
磅礴 ,评价正面
苞 ,评价正面
睆 ,评价正面
保存良好 ,评价正面
保皇 ,评价正面
保险 ,评价正面
保准 ,评价正面
饱学 ,评价正面
宝 ,评价正面
宝贵 ,评价正面
悲壮 ,评价正面
卑 ,评价正面
倍儿棒 ,评价正面
备细 ,评价正面
奔放 ,评价正面
本质 ,评价正面
笨鸟先飞 ,评价正面
逼真 ,评价正面
笔挺 ,评价正面
笔直 ,评价正面
毕恭毕敬 ,评价正面
毖 ,评价正面
闭月羞花 ,评价正面
必备 ,评价正面
必不可少 ,评价正面
必需 ,评价正面
必要 ,评价正面
辟 ,评价正面
鞭辟近里 ,评价正面
鞭辟入里 ,评价正面
便 ,评价正面
便当 ,评价正面
便捷 ,评价正面
便利 ,评价正面
便民 ,评价正面
便宜 ,评价正面
变通 ,评价正面
辩证 ,评价正面
标定 ,评价正面
标致 ,评价正面
标准 ,评价正面
彪炳 ,评价正面
彪炳千古 ,评价正面
彪炳史册 ,评价正面
彪悍 ,评价正面
彪形 ,评价正面
彪壮 ,评价正面
表观 ,评价正面
表里如一 ,评价正面
表里一致 ,评价正面
别具匠心 ,评价正面
别具一格 ,评价正面
别开生面 ,评价正面
别有风味 ,评价正面
别有情趣 ,评价正面
彬 ,评价正面
彬彬 ,评价正面
彬彬有礼 ,评价正面
斌 ,评价正面
兵强马壮 ,评价正面
冰肌玉骨 ,评价正面
冰清玉洁 ,评价正面
冰雪聪明 ,评价正面
秉持公正 ,评价正面
秉公 ,评价正面
秉正 ,评价正面
秉直 ,评价正面
炳 ,评价正面
并茂 ,评价正面
波光粼粼 ,评价正面
波澜壮阔 ,评价正面
博大 ,评价正面
博大精深 ,评价正面
博古通今 ,评价正面
博识 ,评价正面
博闻 ,评价正面
博闻广识 ,评价正面
博闻强记 ,评价正面
博学 ,评价正面
博学多才 ,评价正面
博学多能 ,评价正面
博学多闻 ,评价正面
博雅 ,评价正面
勃 ,评价正面
勃勃 ,评价正面
勃勃生机 ,评价正面
不卑不亢 ,评价正面
不变 ,评价正面
不耻下问 ,评价正面
不错 ,评价正面
不大不小 ,评价正面
不大离儿 ,评价正面
不惮其烦 ,评价正面
不动摇 ,评价正面
不费吹灰之力 ,评价正面
不费力 ,评价正面
不苟 ,评价正面
不苟言笑 ,评价正面
不含糊 ,评价正面
不会腐败 ,评价正面
不会弄错 ,评价正面
不加区别 ,评价正面
不加掩饰 ,评价正面
不加渲染 ,评价正面
不简单 ,评价正面
不骄不躁 ,评价正面
不咎既往 ,评价正面
不亢不卑 ,评价正面
不可或缺 ,评价正面
不可缺 ,评价正面
不可缺少 ,评价正面
不赖 ,评价正面
不离儿 ,评价正面
不落俗套 ,评价正面
不落窠臼 ,评价正面
不难 ,评价正面
不偏不倚 ,评价正面
不屈 ,评价正面
不屈不挠 ,评价正面
不容怀疑 ,评价正面
不容置辩 ,评价正面
不容置疑 ,评价正面
不俗 ,评价正面
不同凡响 ,评价正面
不同寻常 ,评价正面
不为已甚 ,评价正面
不畏艰险 ,评价正面
不无道理 ,评价正面
不无小补 ,评价正面
不无裨益 ,评价正面
不武断 ,评价正面
不限 ,评价正面
不懈 ,评价正面
不懈怠 ,评价正面
不泄气 ,评价正面
不言而喻 ,评价正面
不厌其烦 ,评价正面
不厌其详 ,评价正面
不在话下 ,评价正面
不争 ,评价正面
不整齐 ,评价正面
不知疲倦 ,评价正面
部优 ,评价正面
才高八斗 ,评价正面
才华横溢 ,评价正面
才略过人 ,评价正面
才气横溢 ,评价正面
才思敏捷 ,评价正面
财大气粗 ,评价正面
惨淡 ,评价正面
惨烈 ,评价正面
灿 ,评价正面
灿烂 ,评价正面
灿烂夺目 ,评价正面
灿亮 ,评价正面
灿然 ,评价正面
苍郁 ,评价正面
缠绵 ,评价正面
昌 ,评价正面
昌明 ,评价正面
常 ,评价正面
常规 ,评价正面
长 ,评价正面
长治久安 ,评价正面
敞开 ,评价正面
敞开儿 ,评价正面
敞口 ,评价正面
敞亮 ,评价正面
畅达 ,评价正面
畅顺 ,评价正面
超拔 ,评价正面
超尘拔俗 ,评价正面
超等 ,评价正面
超凡入圣 ,评价正面
超凡脱俗 ,评价正面
超级 ,评价正面
超绝 ,评价正面
超群 ,评价正面
超群绝伦 ,评价正面
超俗 ,评价正面
超俗绝世 ,评价正面
超逸 ,评价正面
超卓 ,评价正面
朝气勃勃 ,评价正面
朝气蓬勃 ,评价正面
车水马龙 ,评价正面
澈 ,评价正面
沉寂 ,评价正面
沉静 ,评价正面
沉稳 ,评价正面
沉毅 ,评价正面
沉鱼落雁 ,评价正面
沉着 ,评价正面
称身 ,评价正面
成 ,评价正面
成器 ,评价正面
成趣 ,评价正面
成熟 ,评价正面
澄 ,评价正面
澄碧 ,评价正面
澄澈 ,评价正面
澄净 ,评价正面
澄明 ,评价正面
澄清 ,评价正面
诚 ,评价正面
诚恳 ,评价正面
诚朴 ,评价正面
诚实 ,评价正面
诚心 ,评价正面
诚心诚意 ,评价正面
诚挚 ,评价正面
诚笃 ,评价正面
承平 ,评价正面
吃得开 ,评价正面
吃香 ,评价正面
持平 ,评价正面
持正不阿 ,评价正面
持之有故 ,评价正面
持重 ,评价正面
驰名 ,评价正面
驰誉 ,评价正面
赤 ,评价正面
赤忱 ,评价正面
赤诚 ,评价正面
赤胆 ,评价正面
赤胆忠心 ,评价正面
赤裸 ,评价正面
赤裸裸 ,评价正面
赤色 ,评价正面
赤心 ,评价正面
炽盛 ,评价正面
崇 ,评价正面
崇高 ,评价正面
初生牛犊般 ,评价正面
出类拔萃 ,评价正面
出色 ,评价正面
出身高贵 ,评价正面
出身名门 ,评价正面
出神入化 ,评价正面
出手不凡 ,评价正面
出手大方 ,评价正面
出以公心 ,评价正面
出众 ,评价正面
楚楚 ,评价正面
楚楚动人 ,评价正面
楚楚可怜 ,评价正面
楚楚可人 ,评价正面
传神 ,评价正面
传统 ,评价正面
窗明几净 ,评价正面
创造性 ,评价正面
春光明媚 ,评价正面
春秋鼎盛 ,评价正面
春秋正富 ,评价正面
春色满园 ,评价正面
春意融融 ,评价正面
醇 ,评价正面
醇和 ,评价正面
醇厚 ,评价正面
醇美 ,评价正面
醇浓 ,评价正面
醇朴 ,评价正面
醇香 ,评价正面
唇红齿白 ,评价正面
淳 ,评价正面
淳厚 ,评价正面
淳美 ,评价正面
淳朴 ,评价正面
纯 ,评价正面
纯粹 ,评价正面
纯厚 ,评价正面
纯洁 ,评价正面
纯净 ,评价正面
纯朴 ,评价正面
纯熟 ,评价正面
纯一 ,评价正面
纯真 ,评价正面
纯正 ,评价正面
纯挚 ,评价正面
纯种 ,评价正面
绰约 ,评价正面
绰约多姿 ,评价正面
慈 ,评价正面
慈悲 ,评价正面
慈悲为怀 ,评价正面
慈善 ,评价正面
慈祥 ,评价正面
瓷实 ,评价正面
刺眼 ,评价正面
聪慧 ,评价正面
聪敏 ,评价正面
聪明 ,评价正面
聪明过人 ,评价正面
聪明绝顶 ,评价正面
聪明伶俐 ,评价正面
聪悟 ,评价正面
聪颖 ,评价正面
葱葱 ,评价正面
葱茂 ,评价正面
葱郁 ,评价正面
葱茏 ,评价正面
从宽 ,评价正面
从轻 ,评价正面
从权 ,评价正面
从实 ,评价正面
从始至终 ,评价正面
从头到底 ,评价正面
从头到尾 ,评价正面
从头至尾 ,评价正面
从一而终 ,评价正面
粗放 ,评价正面
粗豪 ,评价正面
粗实 ,评价正面
粗中有细 ,评价正面
粗壮 ,评价正面
粗犷 ,评价正面
簇新 ,评价正面
催人奋进 ,评价正面
脆 ,评价正面
脆亮 ,评价正面
脆美 ,评价正面
脆生 ,评价正面
脆响 ,评价正面
粹 ,评价正面
粹白 ,评价正面
错落有致 ,评价正面
达 ,评价正面
达观 ,评价正面
打心底里 ,评价正面
打心眼儿里 ,评价正面
打心眼里 ,评价正面
打眼 ,评价正面
大 ,评价正面
大慈大悲 ,评价正面
大大方方 ,评价正面
大胆 ,评价正面
大胆泼辣 ,评价正面
大度 ,评价正面
大而全 ,评价正面
大方 ,评价正面
大功率 ,评价正面
大公无私 ,评价正面
大好 ,评价正面
大红大紫 ,评价正面
大吉 ,评价正面
大吉大利 ,评价正面
大量 ,评价正面
大名鼎鼎 ,评价正面
大无畏 ,评价正面
大有文章 ,评价正面
大有希望 ,评价正面
大有益处 ,评价正面
大有作为 ,评价正面
大有裨益 ,评价正面
带劲 ,评价正面
带修辞色彩 ,评价正面
单纯 ,评价正面
单刀直入 ,评价正面
单一 ,评价正面
胆大 ,评价正面
淡泊 ,评价正面
淡泊明志 ,评价正面
淡泊名利 ,评价正面
淡雅 ,评价正面
弹性 ,评价正面
当 ,评价正面
当红 ,评价正面
当面 ,评价正面
当仁不让 ,评价正面
当心 ,评价正面
当众 ,评价正面
到 ,评价正面
到家 ,评价正面
道不拾遗 ,评价正面
道道地地 ,评价正面
道地 ,评价正面
得当 ,评价正面
得法 ,评价正面
得力 ,评价正面
得势 ,评价正面
得体 ,评价正面
得天独厚 ,评价正面
得心应手 ,评价正面
得宜 ,评价正面
灯火辉煌 ,评价正面
灯火通明 ,评价正面
登峰造极 ,评价正面
等内 ,评价正面
低调 ,评价正面
低价 ,评价正面
低价位 ,评价正面
低廉 ,评价正面
低首下心 ,评价正面
滴水不漏 ,评价正面
滴水穿石 ,评价正面
地道 ,评价正面
地地道道 ,评价正面
地动山摇 ,评价正面
地覆天翻 ,评价正面
第一流 ,评价正面
典型 ,评价正面
典型性 ,评价正面
典雅 ,评价正面
调和 ,评价正面
调谐 ,评价正面
跌荡 ,评价正面
跌宕 ,评价正面
叠翠 ,评价正面
秾 ,评价正面
秾艳 ,评价正面
丁是丁，卯是卯 ,评价正面
顶刮刮 ,评价正面
顶级 ,评价正面
顶尖 ,评价正面
顶事 ,评价正面
顶数 ,评价正面
顶天立地 ,评价正面
顶用 ,评价正面
顶呱呱 ,评价正面
鼎鼎大名 ,评价正面
定 ,评价正面
懂礼 ,评价正面
懂事 ,评价正面
懂行 ,评价正面
动平衡 ,评价正面
动人 ,评价正面
动人心魄 ,评价正面
动人心弦 ,评价正面
动态各异 ,评价正面
动态平衡 ,评价正面
动听 ,评价正面
斗胆 ,评价正面
豆腐心 ,评价正面
逗 ,评价正面
逗人 ,评价正面
独出心裁 ,评价正面
独到 ,评价正面
独具慧眼 ,评价正面
独具匠心 ,评价正面
独具特色 ,评价正面
独具只眼 ,评价正面
度量大 ,评价正面
端 ,评价正面
端端正正 ,评价正面
端方 ,评价正面
端静 ,评价正面
端丽 ,评价正面
端平 ,评价正面
端秀 ,评价正面
端雅 ,评价正面
端整 ,评价正面
端正 ,评价正面
端直 ,评价正面
端重 ,评价正面
端庄 ,评价正面
短平快 ,评价正面
短小精悍 ,评价正面
断然 ,评价正面
对 ,评价正面
对称 ,评价正面
对号 ,评价正面
对劲儿 ,评价正面
对头 ,评价正面
对味儿 ,评价正面
墩墩实实 ,评价正面
敦 ,评价正面
敦敦实实 ,评价正面
敦厚 ,评价正面
敦实 ,评价正面
多才多艺 ,评价正面
多彩 ,评价正面
多快好省 ,评价正面
多劳多得 ,评价正面
多情 ,评价正面
多情善感 ,评价正面
多姿 ,评价正面
多姿多采 ,评价正面
夺目 ,评价正面
扼要 ,评价正面
恩爱 ,评价正面
恩恩爱爱 ,评价正面
耳聪目明 ,评价正面
耳熟 ,评价正面
耳熟能详 ,评价正面
耳闻目睹 ,评价正面
尔雅 ,评价正面
二话不说 ,评价正面
二话没说 ,评价正面
发人深省 ,评价正面
发人深思 ,评价正面
发育完全 ,评价正面
发自肺腑 ,评价正面
发噱 ,评价正面
法定 ,评价正面
翻天覆地 ,评价正面
繁花似锦 ,评价正面
繁华 ,评价正面
繁茂 ,评价正面
繁荣富强 ,评价正面
繁盛 ,评价正面
芳 ,评价正面
芳香 ,评价正面
方便 ,评价正面
方方正正 ,评价正面
方正 ,评价正面
放之四海而皆准 ,评价正面
菲 ,评价正面
菲菲 ,评价正面
非常耐久 ,评价正面
非常热心 ,评价正面
非同小可 ,评价正面
飞快 ,评价正面
肥 ,评价正面
肥美 ,评价正面
肥沃 ,评价正面
匪夷所思 ,评价正面
芬芳 ,评价正面
芬芳袭人 ,评价正面
芬芳馥郁 ,评价正面
芬香 ,评价正面
分秒必争 ,评价正面
分明 ,评价正面
分文不取 ,评价正面
分析纯 ,评价正面
奋勇 ,评价正面
丰 ,评价正面
丰茂 ,评价正面
丰美 ,评价正面
丰饶 ,评价正面
丰润 ,评价正面
丰实 ,评价正面
丰沃 ,评价正面
丰裕 ,评价正面
丰姿绰约 ,评价正面
丰腴 ,评价正面
锋快 ,评价正面
锋利 ,评价正面
风度翩翩 ,评价正面
风发 ,评价正面
风风光光 ,评价正面
风风火火 ,评价正面
风光 ,评价正面
风光如画 ,评价正面
风光旖旎 ,评价正面
风华正茂 ,评价正面
风景如画 ,评价正面
风流 ,评价正面
风流倜傥 ,评价正面
风靡 ,评价正面
风平浪静 ,评价正面
风起云涌 ,评价正面
风趣 ,评价正面
风行 ,评价正面
风雅 ,评价正面
风雨无阻 ,评价正面
风姿绰约 ,评价正面
奉公守法 ,评价正面
凤毛麟角 ,评价正面
扶疏 ,评价正面
服服帖帖 ,评价正面
服帖 ,评价正面
福如东海 ,评价正面
负责 ,评价正面
富 ,评价正面
富贵 ,评价正面
富甲一方 ,评价正面
富可敌国 ,评价正面
富丽 ,评价正面
富丽堂皇 ,评价正面
富饶 ,评价正面
富实 ,评价正面
富庶 ,评价正面
富有 ,评价正面
富有成果 ,评价正面
富有成效 ,评价正面
富有弹性 ,评价正面
富裕 ,评价正面
富足 ,评价正面
妇孺皆知 ,评价正面
盖了帽 ,评价正面
盖帽 ,评价正面
干脆 ,评价正面
干脆利落 ,评价正面
干干净净 ,评价正面
干净 ,评价正面
干净利落 ,评价正面
干练 ,评价正面
甘 ,评价正面
甘醇 ,评价正面
甘美 ,评价正面
甘美多汁 ,评价正面
甘甜 ,评价正面
甘味 ,评价正面
甘之如饴 ,评价正面
肝胆过人 ,评价正面
感人 ,评价正面
敢 ,评价正面
刚 ,评价正面
刚刚 ,评价正面
刚好 ,评价正面
刚健 ,评价正面
刚劲 ,评价正面
刚劲有力 ,评价正面
刚强 ,评价正面
刚毅 ,评价正面
刚硬 ,评价正面
刚正 ,评价正面
刚正不阿 ,评价正面
刚直 ,评价正面
刚直不阿 ,评价正面
钢铁 ,评价正面
纲领性 ,评价正面
高 ,评价正面
高标号 ,评价正面
高标准 ,评价正面
高层 ,评价正面
高超 ,评价正面
高纯 ,评价正面
高大 ,评价正面
高档 ,评价正面
高档化 ,评价正面
高等 ,评价正面
高等级 ,评价正面
高端 ,评价正面
高风峻节 ,评价正面
高风亮节 ,评价正面
高高手儿 ,评价正面
高贵 ,评价正面
高级 ,评价正面
高级化 ,评价正面
高洁 ,评价正面
高精度 ,评价正面
高精尖 ,评价正面
高妙 ,评价正面
高明 ,评价正面
高强 ,评价正面
高强度 ,评价正面
高人一等 ,评价正面
高山流水 ,评价正面
高尚 ,评价正面
高深 ,评价正面
高深莫测 ,评价正面
高屋建瓴 ,评价正面
高效 ,评价正面
高效能 ,评价正面
高效益 ,评价正面
高新 ,评价正面
高性能 ,评价正面
高雅 ,评价正面
高雅简朴 ,评价正面
高瞻远瞩 ,评价正面
高质量 ,评价正面
高姿态 ,评价正面
膏腴 ,评价正面
革命 ,评价正面
革命性 ,评价正面
个性鲜明 ,评价正面
各得其所 ,评价正面
根本 ,评价正面
根深蒂固 ,评价正面
根深柢固 ,评价正面
跟脚 ,评价正面
更优越 ,评价正面
耿 ,评价正面
耿耿 ,评价正面
耿介 ,评价正面
耿介不阿 ,评价正面
耿直 ,评价正面
梗直 ,评价正面
工工整整 ,评价正面
工巧 ,评价正面
工稳 ,评价正面
工细 ,评价正面
工整 ,评价正面
工致 ,评价正面
功不可没 ,评价正面
功德无量 ,评价正面
恭 ,评价正面
恭恭敬敬 ,评价正面
恭谨 ,评价正面
恭敬 ,评价正面
恭顺 ,评价正面
公 ,评价正面
公道 ,评价正面
公而忘私 ,评价正面
公开 ,评价正面
公平 ,评价正面
公平正直 ,评价正面
公然 ,评价正面
公允 ,评价正面
公正 ,评价正面
公正客观 ,评价正面
巩固 ,评价正面
勾魂 ,评价正面
勾魂摄魄 ,评价正面
够格 ,评价正面
够水平 ,评价正面
够味儿 ,评价正面
够意思 ,评价正面
鼓舞人心 ,评价正面
古道热肠 ,评价正面
古朴 ,评价正面
古色古香 ,评价正面
古香古色 ,评价正面
骨鲠 ,评价正面
固 ,评价正面
固定 ,评价正面
固若金汤 ,评价正面
乖 ,评价正面
乖觉 ,评价正面
乖巧 ,评价正面
关键 ,评价正面
关键性 ,评价正面
管教好 ,评价正面
管事 ,评价正面
管事儿 ,评价正面
管用 ,评价正面
光 ,评价正面
光彩 ,评价正面
光彩夺目 ,评价正面
光彩照人 ,评价正面
光彩炫目 ,评价正面
光灿 ,评价正面
光灿灿 ,评价正面
光风霁月 ,评价正面
光滑 ,评价正面
光滑滑 ,评价正面
光辉 ,评价正面
光辉灿烂 ,评价正面
光洁 ,评价正面
光可鉴人 ,评价正面
光亮 ,评价正面
光亮亮 ,评价正面
光溜 ,评价正面
光溜溜 ,评价正面
光芒万丈 ,评价正面
光明 ,评价正面
光明磊落 ,评价正面
光明正大 ,评价正面
光荣 ,评价正面
光润 ,评价正面
光闪闪 ,评价正面
光鲜 ,评价正面
光艳 ,评价正面
光耀 ,评价正面
广远 ,评价正面
瑰 ,评价正面
瑰丽 ,评价正面
瑰伟 ,评价正面
瑰玮 ,评价正面
规范 ,评价正面
鬼 ,评价正面
鬼斧神工 ,评价正面
贵 ,评价正面
贵重 ,评价正面
滚瓜烂熟 ,评价正面
国色天香 ,评价正面
国泰民安 ,评价正面
国优 ,评价正面
果 ,评价正面
果断 ,评价正面
果敢 ,评价正面
果决 ,评价正面
过得硬 ,评价正面
过谦 ,评价正面
过细 ,评价正面
过硬 ,评价正面
海枯石烂 ,评价正面
憨 ,评价正面
憨厚 ,评价正面
憨实 ,评价正面
憨直 ,评价正面
含情 ,评价正面
含情脉脉 ,评价正面
含蓄 ,评价正面
含义明确 ,评价正面
涵蓄 ,评价正面
悍 ,评价正面
豪 ,评价正面
豪放 ,评价正面
豪放不羁 ,评价正面
豪华 ,评价正面
豪华型 ,评价正面
豪迈 ,评价正面
豪爽 ,评价正面
豪壮 ,评价正面
豪宕 ,评价正面
毫不动摇 ,评价正面
毫不费力 ,评价正面
毫不利己 ,评价正面
毫不畏惧 ,评价正面
毫不犹豫 ,评价正面
毫发不差 ,评价正面
毫发不爽 ,评价正面
毫发无损 ,评价正面
毫厘不差 ,评价正面
毫厘不爽 ,评价正面
毫无保留地 ,评价正面
毫无错误 ,评价正面
毫无问题 ,评价正面
毫无疑义 ,评价正面
好 ,评价正面
好办 ,评价正面
好吃 ,评价正面
好端端 ,评价正面
好过 ,评价正面
好好 ,评价正面
好看 ,评价正面
好客 ,评价正面
好上加好 ,评价正面
好声好气 ,评价正面
好生生 ,评价正面
好使 ,评价正面
好受 ,评价正面
好说话 ,评价正面
好说话儿 ,评价正面
好听 ,评价正面
好玩 ,评价正面
好玩儿 ,评价正面
好笑 ,评价正面
好心 ,评价正面
好心肠 ,评价正面
好心好意 ,评价正面
好用 ,评价正面
浩 ,评价正面
浩大 ,评价正面
浩荡 ,评价正面
浩然 ,评价正面
核心 ,评价正面
和 ,评价正面
和蔼 ,评价正面
和蔼可亲 ,评价正面
和畅 ,评价正面
和风细雨 ,评价正面
和和睦睦 ,评价正面
和和气气 ,评价正面
和缓 ,评价正面
和睦 ,评价正面
和平 ,评价正面
和气 ,评价正面
和洽 ,评价正面
和软 ,评价正面
和善 ,评价正面
和声 ,评价正面
和顺 ,评价正面
和婉 ,评价正面
和祥 ,评价正面
和谐 ,评价正面
和颜悦色 ,评价正面
和易 ,评价正面
和悦 ,评价正面
合当 ,评价正面
合度 ,评价正面
合法 ,评价正面
合格 ,评价正面
合乎逻辑 ,评价正面
合口 ,评价正面
合口味 ,评价正面
合理 ,评价正面
合拍 ,评价正面
合情合理 ,评价正面
合情理 ,评价正面
合群 ,评价正面
合时 ,评价正面
合适 ,评价正面
合胃口 ,评价正面
合宜 ,评价正面
赫 ,评价正面
赫赫 ,评价正面
赫赫有名 ,评价正面
赫然 ,评价正面
鹤发童颜 ,评价正面
鹤立鸡群 ,评价正面
黑白分明 ,评价正面
很有抱负 ,评价正面
很有意义 ,评价正面
狠 ,评价正面
狠狠 ,评价正面
恒 ,评价正面
恒定 ,评价正面
恒量 ,评价正面
哄闹 ,评价正面
鸿 ,评价正面
洪 ,评价正面
宏 ,评价正面
宏大 ,评价正面
宏富 ,评价正面
宏丽 ,评价正面
宏赡 ,评价正面
宏伟 ,评价正面
弘 ,评价正面
弘大 ,评价正面
红 ,评价正面
红得发紫 ,评价正面
红红火火 ,评价正面
红火 ,评价正面
红旗 ,评价正面
红色 ,评价正面
猴儿精 ,评价正面
厚 ,评价正面
厚道 ,评价正面
后生可畏 ,评价正面
呼之欲出 ,评价正面
虎背熊腰 ,评价正面
虎虎生气 ,评价正面
花 ,评价正面
花繁叶茂 ,评价正面
花好月圆 ,评价正面
花气袭人 ,评价正面
花容玉貌 ,评价正面
花容月貌 ,评价正面
花哨 ,评价正面
花团锦簇 ,评价正面
花香鸟语 ,评价正面
花样翻新 ,评价正面
花枝招展 ,评价正面
华 ,评价正面
华贵 ,评价正面
华丽 ,评价正面
华美 ,评价正面
滑 ,评价正面
滑不唧溜 ,评价正面
滑稽 ,评价正面
滑溜 ,评价正面
滑溜溜 ,评价正面
滑腻 ,评价正面
滑润 ,评价正面
滑爽 ,评价正面
滑天下之大稽 ,评价正面
划时代 ,评价正面
划一 ,评价正面
划一不二 ,评价正面
欢蹦乱跳 ,评价正面
欢洽 ,评价正面
欢实 ,评价正面
焕 ,评价正面
黄熟 ,评价正面
煌 ,评价正面
煌煌 ,评价正面
晃眼 ,评价正面
辉煌 ,评价正面
回味无穷 ,评价正面
慧 ,评价正面
慧眼独具 ,评价正面
会 ,评价正面
绘声绘色 ,评价正面
绘声绘影 ,评价正面
绘影绘声 ,评价正面
婚生 ,评价正面
浑厚 ,评价正面
浑金璞玉 ,评价正面
浑朴 ,评价正面
浑然 ,评价正面
浑然一体 ,评价正面
浑身是胆 ,评价正面
浑俗和光 ,评价正面
豁 ,评价正面
豁达 ,评价正面
豁达大度 ,评价正面
豁亮 ,评价正面
豁然 ,评价正面
活 ,评价正面
活便 ,评价正面
活泛 ,评价正面
活灵活现 ,评价正面
活络 ,评价正面
活泼 ,评价正面
活生生 ,评价正面
活跃 ,评价正面
火 ,评价正面
火暴 ,评价正面
火爆 ,评价正面
货真价实 ,评价正面
基 ,评价正面
基本 ,评价正面
基部 ,评价正面
基础 ,评价正面
基础性 ,评价正面
基础扎实 ,评价正面
机动 ,评价正面
机警 ,评价正面
机灵 ,评价正面
机敏 ,评价正面
机巧 ,评价正面
机智 ,评价正面
积极 ,评价正面
激动人心 ,评价正面
激进 ,评价正面
鸡犬不惊 ,评价正面
吉 ,评价正面
吉利 ,评价正面
吉庆 ,评价正面
吉祥 ,评价正面
吉祥如意 ,评价正面
吉星高照 ,评价正面
极好 ,评价正面
极其流行 ,评价正面
极神圣 ,评价正面
及格 ,评价正面
急公好义 ,评价正面
急进 ,评价正面
技高一筹 ,评价正面
济 ,评价正面
济事 ,评价正面
寂 ,评价正面
寂静 ,评价正面
寂然 ,评价正面
记实 ,评价正面
既定 ,评价正面
既往不咎 ,评价正面
嘉 ,评价正面
佳 ,评价正面
佳丽 ,评价正面
家给人足 ,评价正面
家喻户晓 ,评价正面
加意 ,评价正面
甲等 ,评价正面
甲级 ,评价正面
价值连城 ,评价正面
价值千金 ,评价正面
驾轻就熟 ,评价正面
坚 ,评价正面
坚不可摧 ,评价正面
坚持不懈 ,评价正面
坚持不渝 ,评价正面
坚定 ,评价正面
坚定不移 ,评价正面
坚固 ,评价正面
坚固耐用 ,评价正面
坚决 ,评价正面
坚强 ,评价正面
坚强不屈 ,评价正面
坚忍 ,评价正面
坚忍不拔 ,评价正面
坚韧 ,评价正面
坚韧不拔 ,评价正面
坚如磐石 ,评价正面
坚实 ,评价正面
坚挺 ,评价正面
坚毅 ,评价正面
坚贞 ,评价正面
坚贞不屈 ,评价正面
坚贞不渝 ,评价正面
尖 ,评价正面
尖端 ,评价正面
尖利 ,评价正面
尖锐 ,评价正面
简 ,评价正面
简便 ,评价正面
简便易行 ,评价正面
简单 ,评价正面
简单化 ,评价正面
简单明了 ,评价正面
简单易行 ,评价正面
简短 ,评价正面
简洁 ,评价正面
简括 ,评价正面
简练 ,评价正面
简略 ,评价正面
简明 ,评价正面
简明扼要 ,评价正面
简朴 ,评价正面
简要 ,评价正面
简易 ,评价正面
简约 ,评价正面
俭 ,评价正面
俭朴 ,评价正面
俭省 ,评价正面
贱 ,评价正面
贱价 ,评价正面
见多识广 ,评价正面
见机 ,评价正面
见所未见 ,评价正面
见微知萌 ,评价正面
见微知著 ,评价正面
健 ,评价正面
健步 ,评价正面
健康 ,评价正面
健康美 ,评价正面
健朗 ,评价正面
健美 ,评价正面
健全 ,评价正面
健实 ,评价正面
健硕 ,评价正面
健旺 ,评价正面
健壮 ,评价正面
建设性 ,评价正面
奖罚分明 ,评价正面
讲究 ,评价正面
讲理 ,评价正面
讲礼貌 ,评价正面
匠心独具 ,评价正面
娇 ,评价正面
娇滴滴 ,评价正面
娇好 ,评价正面
娇丽 ,评价正面
娇美 ,评价正面
娇媚 ,评价正面
娇柔 ,评价正面
娇艳 ,评价正面
娇娆 ,评价正面
矫健 ,评价正面
矫捷 ,评价正面
脚踏实地 ,评价正面
较真 ,评价正面
较真儿 ,评价正面
叫真 ,评价正面
叫真儿 ,评价正面
节俭 ,评价正面
节节 ,评价正面
节省 ,评价正面
节约 ,评价正面
杰 ,评价正面
杰出 ,评价正面
捷 ,评价正面
竭诚 ,评价正面
洁 ,评价正面
洁净 ,评价正面
结结实实 ,评价正面
结实 ,评价正面
结实粗壮 ,评价正面
筋道 ,评价正面
金碧辉煌 ,评价正面
金壁辉煌 ,评价正面
金不换 ,评价正面
金灿灿 ,评价正面
金城汤池 ,评价正面
金风送爽 ,评价正面
金贵 ,评价正面
金晃晃 ,评价正面
金闪闪 ,评价正面
金玉 ,评价正面
金玉满堂 ,评价正面
紧凑 ,评价正面
紧紧 ,评价正面
紧要 ,评价正面
锦 ,评价正面
锦簇花团 ,评价正面
锦绣 ,评价正面
谨 ,评价正面
谨慎 ,评价正面
谨严 ,评价正面
谨言慎行 ,评价正面
谨饬 ,评价正面
进步 ,评价正面
近便 ,评价正面
尽可能 ,评价正面
尽人皆知 ,评价正面
尽如人意 ,评价正面
尽善尽美 ,评价正面
尽心 ,评价正面
尽心竭力 ,评价正面
尽心尽力 ,评价正面
劲 ,评价正面
兢兢业业 ,评价正面
晶 ,评价正面
晶莹 ,评价正面
晶莹剔透 ,评价正面
精 ,评价正面
精辟 ,评价正面
精采 ,评价正面
精彩 ,评价正面
精彩纷呈 ,评价正面
精诚 ,评价正面
精粹 ,评价正面
精打细算 ,评价正面
精当 ,评价正面
精到 ,评价正面
精雕细刻 ,评价正面
精干 ,评价正面
精光 ,评价正面
精悍 ,评价正面
精精神神 ,评价正面
精力充沛 ,评价正面
精练 ,评价正面
精良 ,评价正面
精灵 ,评价正面
精美 ,评价正面
精密 ,评价正面
精妙 ,评价正面
精明 ,评价正面
精明强干 ,评价正面
精巧 ,评价正面
精确 ,评价正面
精深 ,评价正面
精神 ,评价正面
精神百倍 ,评价正面
精神饱满 ,评价正面
精神抖擞 ,评价正面
精神焕发 ,评价正面
精神十足 ,评价正面
精神矍铄 ,评价正面
精卫填海 ,评价正面
精细 ,评价正面
精心 ,评价正面
精选 ,评价正面
精湛 ,评价正面
精致 ,评价正面
精制 ,评价正面
精壮 ,评价正面
精准 ,评价正面
经 ,评价正面
经常性 ,评价正面
经济 ,评价正面
经济宽裕 ,评价正面
经久耐用 ,评价正面
经心 ,评价正面
经验丰富 ,评价正面
经意 ,评价正面
经用 ,评价正面
井井有条 ,评价正面
井然 ,评价正面
井然有序 ,评价正面
警 ,评价正面
景气 ,评价正面
景色优美 ,评价正面
静 ,评价正面
静寂 ,评价正面
静穆 ,评价正面
静悄 ,评价正面
静悄悄 ,评价正面
静态 ,评价正面
静幽幽 ,评价正面
静谧 ,评价正面
敬 ,评价正面
靖 ,评价正面
净 ,评价正面
炯 ,评价正面
炯炯 ,评价正面
炯炯有神 ,评价正面
究其实 ,评价正面
久经考验 ,评价正面
拘谨 ,评价正面
居高临下 ,评价正面
举止大方 ,评价正面
举止端庄 ,评价正面
举止文雅 ,评价正面
举足轻重 ,评价正面
据实 ,评价正面
具有历史意义 ,评价正面
具有吸引力 ,评价正面
具有压倒性优势 ,评价正面
俱佳 ,评价正面
娟 ,评价正面
娟娟 ,评价正面
娟秀 ,评价正面
决定 ,评价正面
决定性 ,评价正面
决绝 ,评价正面
决然 ,评价正面
绝好 ,评价正面
绝佳 ,评价正面
绝了 ,评价正面
绝妙 ,评价正面
绝色 ,评价正面
均 ,评价正面
均等 ,评价正面
均衡 ,评价正面
均一 ,评价正面
均匀 ,评价正面
钧 ,评价正面
俊 ,评价正面
俊丽 ,评价正面
俊美 ,评价正面
俊俏 ,评价正面
俊秀 ,评价正面
开诚布公 ,评价正面
开阔 ,评价正面
开朗 ,评价正面
开门见山 ,评价正面
开明 ,评价正面
开通 ,评价正面
开拓型 ,评价正面
慨 ,评价正面
慨然 ,评价正面
堪称第一 ,评价正面
堪称一绝 ,评价正面
康 ,评价正面
康健 ,评价正面
康乐 ,评价正面
康泰 ,评价正面
慷慨 ,评价正面
考究 ,评价正面
靠得住 ,评价正面
科学 ,评价正面
可 ,评价正面
可爱 ,评价正面
可歌可泣 ,评价正面
可观 ,评价正面
可贵 ,评价正面
可嘉 ,评价正面
可敬 ,评价正面
可靠 ,评价正面
可口 ,评价正面
可乐 ,评价正面
可能 ,评价正面
可亲 ,评价正面
可圈可点 ,评价正面
可塑 ,评价正面
可统一 ,评价正面
可喜 ,评价正面
可笑 ,评价正面
可心 ,评价正面
可信 ,评价正面
可信赖 ,评价正面
可信任 ,评价正面
可以信赖 ,评价正面
可意 ,评价正面
刻苦 ,评价正面
刻意 ,评价正面
客观 ,评价正面
客观上 ,评价正面
客气 ,评价正面
肯定 ,评价正面
肯干 ,评价正面
恳 ,评价正面
恳切 ,评价正面
恳挚 ,评价正面
空灵 ,评价正面
空前 ,评价正面
空前绝后 ,评价正面
口紧 ,评价正面
扣人心弦 ,评价正面
苦 ,评价正面
苦口婆心 ,评价正面
苦苦 ,评价正面
苦心 ,评价正面
苦心孤诣 ,评价正面
酷 ,评价正面
快 ,评价正面
快刀斩乱麻 ,评价正面
快捷 ,评价正面
快人快语 ,评价正面
宽 ,评价正面
宽大 ,评价正面
宽洪 ,评价正面
宽宏 ,评价正面
宽宏大量 ,评价正面
宽厚 ,评价正面
宽怀 ,评价正面
宽容 ,评价正面
宽松 ,评价正面
款洽 ,评价正面
匡 ,评价正面
狂放 ,评价正面
狂乱 ,评价正面
狂热 ,评价正面
旷达 ,评价正面
阔 ,评价正面
来得 ,评价正面
来劲 ,评价正面
来者不拒 ,评价正面
烂漫 ,评价正面
烂熟 ,评价正面
朗 ,评价正面
劳苦功高 ,评价正面
牢 ,评价正面
牢固 ,评价正面
牢靠 ,评价正面
牢牢 ,评价正面
牢稳 ,评价正面
老成 ,评价正面
老成练达 ,评价正面
老诚 ,评价正面
老当益壮 ,评价正面
老到 ,评价正面
老而弥坚 ,评价正面
老辣 ,评价正面
老老实实 ,评价正面
老练 ,评价正面
老马识途 ,评价正面
老谋深算 ,评价正面
老牌 ,评价正面
老实 ,评价正面
老于世故 ,评价正面
乐观 ,评价正面
乐融融 ,评价正面
乐善好施 ,评价正面
乐天 ,评价正面
雷打不动 ,评价正面
磊落 ,评价正面
理所当然 ,评价正面
理想 ,评价正面
理想化 ,评价正面
理性 ,评价正面
理智 ,评价正面
礼节性 ,评价正面
礼貌 ,评价正面
礼貌性 ,评价正面
丽 ,评价正面
历历 ,评价正面
历历可数 ,评价正面
历史性 ,评价正面
利 ,评价正面
利齿 ,评价正面
利害攸关 ,评价正面
利口 ,评价正面
利落 ,评价正面
利索 ,评价正面
利他 ,评价正面
利嘴 ,评价正面
力透纸背 ,评价正面
廉 ,评价正面
廉价 ,评价正面
廉洁 ,评价正面
廉洁奉公 ,评价正面
廉明 ,评价正面
练达 ,评价正面
良 ,评价正面
良好 ,评价正面
良善 ,评价正面
良性 ,评价正面
两袖清风 ,评价正面
亮 ,评价正面
亮光光 ,评价正面
亮晃晃 ,评价正面
亮晶晶 ,评价正面
亮丽 ,评价正面
亮亮堂堂 ,评价正面
亮闪闪 ,评价正面
亮堂 ,评价正面
亮堂堂 ,评价正面
亮锃锃 ,评价正面
了当 ,评价正面
了然 ,评价正面
料事如神 ,评价正面
烈 ,评价正面
琳琅满目 ,评价正面
淋漓 ,评价正面
淋漓尽致 ,评价正面
玲珑 ,评价正面
玲珑剔透 ,评价正面
伶俐 ,评价正面
灵 ,评价正面
灵便 ,评价正面
灵光 ,评价正面
灵活 ,评价正面
灵活机动 ,评价正面
灵捷 ,评价正面
灵快 ,评价正面
灵敏 ,评价正面
灵巧 ,评价正面
灵透 ,评价正面
灵秀 ,评价正面
灵验 ,评价正面
令人大开眼界 ,评价正面
令人高兴 ,评价正面
令人鼓舞 ,评价正面
令人满意 ,评价正面
令人钦佩 ,评价正面
令人神往 ,评价正面
令人羡慕 ,评价正面
令人信服 ,评价正面
令人瞩目 ,评价正面
溜 ,评价正面
溜光 ,评价正面
溜光水滑 ,评价正面
溜滑 ,评价正面
留心 ,评价正面
流畅 ,评价正面
流芳百世 ,评价正面
流芳后世 ,评价正面
流芳千古 ,评价正面
流利 ,评价正面
流行 ,评价正面
龙飞凤舞 ,评价正面
龙腾虎跃 ,评价正面
隆 ,评价正面
隆重 ,评价正面
陋 ,评价正面
炉火纯青 ,评价正面
露骨 ,评价正面
路不拾遗 ,评价正面
路人皆知 ,评价正面
履险如夷 ,评价正面
率 ,评价正面
率真 ,评价正面
率直 ,评价正面
绿色 ,评价正面
略 ,评价正面
锣鼓喧天 ,评价正面
落落大方 ,评价正面
落拓不羁 ,评价正面
麻利 ,评价正面
麻麻亮 ,评价正面
脉脉 ,评价正面
脉脉含情 ,评价正面
满口 ,评价正面
满腔热忱 ,评价正面
满腔热情 ,评价正面
满腔热血 ,评价正面
满园春色 ,评价正面
曼 ,评价正面
曼妙 ,评价正面
慢条斯理 ,评价正面
莽莽 ,评价正面
茂 ,评价正面
茂密 ,评价正面
茂盛 ,评价正面
冒尖 ,评价正面
没错儿 ,评价正面
没的说 ,评价正面
没分开 ,评价正面
没弄脏 ,评价正面
没说的 ,评价正面
没有搀杂 ,评价正面
没有负担 ,评价正面
没有说的 ,评价正面
没有拖累 ,评价正面
没有阻碍 ,评价正面
眉清目秀 ,评价正面
美 ,评价正面
美不胜收 ,评价正面
美观 ,评价正面
美丽 ,评价正面
美轮美奂 ,评价正面
美满 ,评价正面
美貌 ,评价正面
美妙 ,评价正面
美味 ,评价正面
美味可口 ,评价正面
媚人 ,评价正面
迷人 ,评价正面
弥足珍贵 ,评价正面
蜜 ,评价正面
密 ,评价正面
密切 ,评价正面
绵和 ,评价正面
绵密 ,评价正面
绵甜 ,评价正面
免费 ,评价正面
免票 ,评价正面
面善 ,评价正面
面熟 ,评价正面
妙 ,评价正面
妙不可言 ,评价正面
妙趣横生 ,评价正面
民主 ,评价正面
敏 ,评价正面
敏慧 ,评价正面
敏捷 ,评价正面
敏锐 ,评价正面
敏悟 ,评价正面
明 ,评价正面
明白 ,评价正面
明白了当 ,评价正面
明白无误 ,评价正面
明摆着 ,评价正面
明灿灿 ,评价正面
明畅 ,评价正面
明澈 ,评价正面
明处 ,评价正面
明窗净几 ,评价正面
明达 ,评价正面
明晃晃 ,评价正面
明慧 ,评价正面
明火执仗 ,评价正面
明净 ,评价正面
明快 ,评价正面
明快生动 ,评价正面
明朗 ,评价正面
明朗朗 ,评价正面
明理 ,评价正面
明丽 ,评价正面
明亮 ,评价正面
明亮亮 ,评价正面
明了 ,评价正面
明码 ,评价正面
明媚 ,评价正面
明面 ,评价正面
明面上 ,评价正面
明明 ,评价正面
明明白白 ,评价正面
明目张胆 ,评价正面
明确 ,评价正面
明人不做暗事 ,评价正面
明文 ,评价正面
明晰 ,评价正面
明细 ,评价正面
明显 ,评价正面
明艳 ,评价正面
明智 ,评价正面
明睿 ,评价正面
名 ,评价正面
名不虚传 ,评价正面
名垂千古 ,评价正面
名垂青史 ,评价正面
名副其实 ,评价正面
名贵 ,评价正面
名牌 ,评价正面
名声大 ,评价正面
名声大振 ,评价正面
名实相符 ,评价正面
名特优 ,评价正面
名特优新 ,评价正面
名誉 ,评价正面
名正言顺 ,评价正面
摩登 ,评价正面
莫测高深 ,评价正面
目光炯炯 ,评价正面
目光如炬 ,评价正面
目光远大 ,评价正面
目光灼灼 ,评价正面
目无全牛 ,评价正面
睦 ,评价正面
穆 ,评价正面
拿手 ,评价正面
耐穿 ,评价正面
耐久 ,评价正面
耐人寻味 ,评价正面
耐用 ,评价正面
难能可贵 ,评价正面
内敛 ,评价正面
内向 ,评价正面
内向型 ,评价正面
内行 ,评价正面
内秀 ,评价正面
能 ,评价正面
能动 ,评价正面
能干 ,评价正面
腻 ,评价正面
蔫不出溜 ,评价正面
蔫不溜 ,评价正面
蔫不悄儿 ,评价正面
蔫不声 ,评价正面
蔫不唧儿 ,评价正面
年富力强 ,评价正面
年高德劭 ,评价正面
鸟语花香 ,评价正面
凝 ,评价正面
凝神 ,评价正面
凝重 ,评价正面
宁 ,评价正面
宁静 ,评价正面
浓丽 ,评价正面
浓香 ,评价正面
浓艳 ,评价正面
怕事 ,评价正面
排场 ,评价正面
排列有序 ,评价正面
排列整齐 ,评价正面
判断正确 ,评价正面
配得上 ,评价正面
喷喷香 ,评价正面
喷香 ,评价正面
蓬勃 ,评价正面
蓬勃向上 ,评价正面
蓬蓬勃勃 ,评价正面
蓬茸 ,评价正面
披肝沥胆 ,评价正面
披沥 ,评价正面
芃芃 ,评价正面
皮实 ,评价正面
偏 ,评价正面
偏偏 ,评价正面
偏要 ,评价正面
飘洒 ,评价正面
飘逸 ,评价正面
漂亮 ,评价正面
品学兼优 ,评价正面
平 ,评价正面
平安 ,评价正面
平安无事 ,评价正面
平板 ,评价正面
平等 ,评价正面
平等地 ,评价正面
平等互利 ,评价正面
平和 ,评价正面
平衡 ,评价正面
平滑 ,评价正面
平缓 ,评价正面
平静 ,评价正面
平平安安 ,评价正面
平平静静 ,评价正面
平实 ,评价正面
平坦 ,评价正面
平稳 ,评价正面
平心静气 ,评价正面
平易 ,评价正面
平易近人 ,评价正面
平允 ,评价正面
平展 ,评价正面
平整 ,评价正面
评价颇高 ,评价正面
屏气凝神 ,评价正面
屏声息气 ,评价正面
屏息静气 ,评价正面
泼悍 ,评价正面
泼辣 ,评价正面
颇为重要 ,评价正面
破釜沉舟 ,评价正面
朴 ,评价正面
朴厚 ,评价正面
朴茂 ,评价正面
朴实 ,评价正面
朴实无华 ,评价正面
朴素 ,评价正面
朴直 ,评价正面
朴质 ,评价正面
朴拙 ,评价正面
其乐融融 ,评价正面
其乐无穷 ,评价正面
其实 ,评价正面
奇货可居 ,评价正面
奇妙 ,评价正面
奇巧 ,评价正面
齐 ,评价正面
齐备 ,评价正面
齐楚 ,评价正面
齐全 ,评价正面
齐刷刷 ,评价正面
齐整 ,评价正面
旗帜鲜明 ,评价正面
起眼儿 ,评价正面
器宇不凡 ,评价正面
器宇轩昂 ,评价正面
气冲霄汉 ,评价正面
气度不凡 ,评价正面
气度恢宏 ,评价正面
气概不凡 ,评价正面
气贯长虹 ,评价正面
气派 ,评价正面
气魄 ,评价正面
气吞山河 ,评价正面
气象万千 ,评价正面
气宇轩昂 ,评价正面
恰 ,评价正面
恰当 ,评价正面
恰到好处 ,评价正面
恰如其分 ,评价正面
千方百计 ,评价正面
千娇百媚 ,评价正面
千依百顺 ,评价正面
千真万确 ,评价正面
千姿百态 ,评价正面
谦 ,评价正面
谦卑 ,评价正面
谦诚 ,评价正面
谦恭 ,评价正面
谦和 ,评价正面
谦顺 ,评价正面
谦虚 ,评价正面
谦虚谨慎 ,评价正面
谦逊 ,评价正面
前程似锦 ,评价正面
前程万里 ,评价正面
前所未见 ,评价正面
前所未闻 ,评价正面
前所未有 ,评价正面
前卫 ,评价正面
前无古人 ,评价正面
潜心 ,评价正面
浅 ,评价正面
浅近 ,评价正面
浅显 ,评价正面
浅易 ,评价正面
强 ,评价正面
强大 ,评价正面
强固 ,评价正面
强悍 ,评价正面
强健 ,评价正面
强势 ,评价正面
强硬 ,评价正面
强有力 ,评价正面
强壮 ,评价正面
强壮有力 ,评价正面
抢眼 ,评价正面
悄 ,评价正面
悄没声 ,评价正面
悄悄 ,评价正面
悄然 ,评价正面
悄声 ,评价正面
巧 ,评价正面
巧夺天工 ,评价正面
巧妙 ,评价正面
俏 ,评价正面
俏丽 ,评价正面
俏美 ,评价正面
俏皮 ,评价正面
切身 ,评价正面
切题 ,评价正面
亲切 ,评价正面
亲切友好 ,评价正面
亲善 ,评价正面
亲昵 ,评价正面
勤 ,评价正面
勤奋 ,评价正面
勤恳 ,评价正面
勤快 ,评价正面
勤劳 ,评价正面
勤勉 ,评价正面
勤勤恳恳 ,评价正面
沁人心脾 ,评价正面
沁入肺腑 ,评价正面
轻 ,评价正面
轻薄透明 ,评价正面
轻车熟路 ,评价正面
轻而易举 ,评价正面
轻健 ,评价正面
轻捷 ,评价正面
轻快 ,评价正面
轻灵 ,评价正面
轻悄悄 ,评价正面
轻巧 ,评价正面
轻轻 ,评价正面
轻轻地 ,评价正面
轻轻松松 ,评价正面
轻柔 ,评价正面
轻手轻脚 ,评价正面
轻松 ,评价正面
轻易 ,评价正面
轻盈 ,评价正面
轻悠悠 ,评价正面
倾国倾城 ,评价正面
倾情 ,评价正面
倾心 ,评价正面
清 ,评价正面
清白 ,评价正面
清彻 ,评价正面
清澈 ,评价正面
清澈见底 ,评价正面
清楚 ,评价正面
清醇 ,评价正面
清纯 ,评价正面
清脆 ,评价正面
清淡 ,评价正面
清洁 ,评价正面
清洁卫生 ,评价正面
清静 ,评价正面
清净 ,评价正面
清口 ,评价正面
清朗 ,评价正面
清丽 ,评价正面
清廉 ,评价正面
清亮 ,评价正面
清亮亮 ,评价正面
清凌凌 ,评价正面
清明 ,评价正面
清平 ,评价正面
清切 ,评价正面
清通 ,评价正面
清婉 ,评价正面
清晰 ,评价正面
清晰可辨 ,评价正面
清晰明了 ,评价正面
清香 ,评价正面
清新 ,评价正面
清新淡雅 ,评价正面
清醒 ,评价正面
清秀 ,评价正面
清雅 ,评价正面
清一色 ,评价正面
清幽 ,评价正面
清幽幽 ,评价正面
清越 ,评价正面
清湛 ,评价正面
清真 ,评价正面
清正 ,评价正面
清馨 ,评价正面
情文并茂 ,评价正面
情意恳挚 ,评价正面
情真意切 ,评价正面
秋毫无犯 ,评价正面
求实 ,评价正面
求真务实 ,评价正面
求之不得 ,评价正面
曲线美 ,评价正面
趣 ,评价正面
趣味盎然 ,评价正面
权变 ,评价正面
权威性 ,评价正面
权宜 ,评价正面
全 ,评价正面
全能 ,评价正面
全身心 ,评价正面
全神贯注 ,评价正面
全始全终 ,评价正面
全新 ,评价正面
全心全意 ,评价正面
全知全能 ,评价正面
拳拳 ,评价正面
确 ,评价正面
确当 ,评价正面
确定 ,评价正面
确定不移 ,评价正面
确定性 ,评价正面
确切 ,评价正面
确切无疑 ,评价正面
确确实实 ,评价正面
确实 ,评价正面
确实可靠 ,评价正面
确有其事 ,评价正面
确凿 ,评价正面
确凿无疑 ,评价正面
群威群胆 ,评价正面
群言堂 ,评价正面
饶 ,评价正面
饶富 ,评价正面
饶爽 ,评价正面
饶沃 ,评价正面
饶有风趣 ,评价正面
饶有兴味 ,评价正面
饶有兴致 ,评价正面
饶有余韵 ,评价正面
扰攘 ,评价正面
绕圈子 ,评价正面
热 ,评价正面
热诚 ,评价正面
热点 ,评价正面
热和 ,评价正面
热乎 ,评价正面
热火 ,评价正面
热火朝天 ,评价正面
热烈 ,评价正面
热门 ,评价正面
热闹 ,评价正面
热切 ,评价正面
热情 ,评价正面
热情洋溢 ,评价正面
热热闹闹 ,评价正面
热心 ,评价正面
热心肠 ,评价正面
热血 ,评价正面
仁 ,评价正面
仁爱 ,评价正面
仁慈 ,评价正面
仁厚 ,评价正面
仁义 ,评价正面
仁至义尽 ,评价正面
人道 ,评价正面
人给家足 ,评价正面
人和 ,评价正面
人欢马叫 ,评价正面
人来人往 ,评价正面
人山人海 ,评价正面
人寿年丰 ,评价正面
韧 ,评价正面
任劳任怨 ,评价正面
任性 ,评价正面
任意 ,评价正面
认认真真 ,评价正面
认真 ,评价正面
荣 ,评价正面
荣幸 ,评价正面
融和 ,评价正面
融洽 ,评价正面
融融 ,评价正面
容人 ,评价正面
容易 ,评价正面
柔 ,评价正面
柔和 ,评价正面
柔滑 ,评价正面
柔曼 ,评价正面
柔美 ,评价正面
柔媚 ,评价正面
柔韧 ,评价正面
柔顺 ,评价正面
柔婉 ,评价正面
柔中有刚 ,评价正面
肉墩墩 ,评价正面
儒雅 ,评价正面
如初 ,评价正面
如故 ,评价正面
如虎添翼 ,评价正面
如花似锦 ,评价正面
如花似玉 ,评价正面
如旧 ,评价正面
如雷贯耳 ,评价正面
如期 ,评价正面
如实 ,评价正面
如数家珍 ,评价正面
如饮醍醐 ,评价正面
如鱼得水 ,评价正面
入耳 ,评价正面
入画 ,评价正面
入理 ,评价正面
入木三分 ,评价正面
入情入理 ,评价正面
入神 ,评价正面
入时 ,评价正面
入微 ,评价正面
入味 ,评价正面
入眼 ,评价正面
软 ,评价正面
软心肠 ,评价正面
瑞 ,评价正面
锐 ,评价正面
锐利 ,评价正面
锐敏 ,评价正面
锐意 ,评价正面
润 ,评价正面
洒脱 ,评价正面
三思而后行 ,评价正面
三思而行 ,评价正面
三下五除二 ,评价正面
嗓子好 ,评价正面
森然 ,评价正面
森森 ,评价正面
山明水秀 ,评价正面
山清水秀 ,评价正面
山摇地动 ,评价正面
闪亮 ,评价正面
闪闪 ,评价正面
擅场 ,评价正面
善 ,评价正面
善交际 ,评价正面
善良 ,评价正面
善始善终 ,评价正面
善意 ,评价正面
赏罚分明 ,评价正面
赏罚严明 ,评价正面
赏心悦目 ,评价正面
上 ,评价正面
上乘 ,评价正面
上等 ,评价正面
上赶 ,评价正面
上赶着 ,评价正面
上好 ,评价正面
上劲 ,评价正面
上镜 ,评价正面
上流 ,评价正面
上品 ,评价正面
上色 ,评价正面
上上 ,评价正面
上相 ,评价正面
上照 ,评价正面
捎带 ,评价正面
韶 ,评价正面
韶秀 ,评价正面
少不得 ,评价正面
少不了 ,评价正面
设备齐全 ,评价正面
伸缩 ,评价正面
身强力壮 ,评价正面
身强体壮 ,评价正面
身手不凡 ,评价正面
身体结实 ,评价正面
身心健康 ,评价正面
深 ,评价正面
深奥 ,评价正面
深藏若虚 ,评价正面
深长 ,评价正面
深沉 ,评价正面
深刻 ,评价正面
深切 ,评价正面
深入浅出 ,评价正面
深入人心 ,评价正面
深透 ,评价正面
深远 ,评价正面
深湛 ,评价正面
深挚 ,评价正面
深邃 ,评价正面
神 ,评价正面
神奥 ,评价正面
神采飞扬 ,评价正面
神采焕发 ,评价正面
神采奕奕 ,评价正面
神工鬼斧 ,评价正面
神妙 ,评价正面
神气 ,评价正面
神圣 ,评价正面
神圣不可侵犯 ,评价正面
神通广大 ,评价正面
神勇 ,评价正面
审慎 ,评价正面
慎 ,评价正面
慎重 ,评价正面
声名大噪 ,评价正面
声名大振 ,评价正面
声情并茂 ,评价正面
声势浩大 ,评价正面
生长完全 ,评价正面
生动 ,评价正面
生动活泼 ,评价正面
生花妙笔 ,评价正面
生机盎然 ,评价正面
生机勃勃 ,评价正面
生龙活虎 ,评价正面
生猛 ,评价正面
生气勃勃 ,评价正面
生杀予夺 ,评价正面
生死 ,评价正面
生死不渝 ,评价正面
生死攸关 ,评价正面
生意盎然 ,评价正面
升平 ,评价正面
省俭 ,评价正面
省力 ,评价正面
省时 ,评价正面
省事 ,评价正面
省心 ,评价正面
盛 ,评价正面
盛大 ,评价正面
胜 ,评价正面
圣 ,评价正面
圣洁 ,评价正面
圣礼 ,评价正面
圣明 ,评价正面
十分重要 ,评价正面
十拿九稳 ,评价正面
十全 ,评价正面
十全十美 ,评价正面
十足 ,评价正面
石破天惊 ,评价正面
拾金不昧 ,评价正面
时尚 ,评价正面
时新 ,评价正面
时兴 ,评价正面
时髦 ,评价正面
实 ,评价正面
实诚 ,评价正面
实打实 ,评价正面
实惠 ,评价正面
实际 ,评价正面
实际上 ,评价正面
实施得力 ,评价正面
实实惠惠 ,评价正面
实实在在 ,评价正面
实事求是 ,评价正面
实心 ,评价正面
实心实意 ,评价正面
实心眼儿 ,评价正面
实意 ,评价正面
实用 ,评价正面
实在 ,评价正面
实则 ,评价正面
实至名归 ,评价正面
实质上 ,评价正面
实质性 ,评价正面
识趣 ,评价正面
史诗般 ,评价正面
史无前例 ,评价正面
使人愉快 ,评价正面
使用方便 ,评价正面
始终不懈 ,评价正面
始终不渝 ,评价正面
始终如一 ,评价正面
世界级 ,评价正面
事关重大 ,评价正面
事实上 ,评价正面
事实胜于雄辩 ,评价正面
是 ,评价正面
是的 ,评价正面
适 ,评价正面
适当 ,评价正面
适度 ,评价正面
适逢其会 ,评价正面
适口 ,评价正面
适宜 ,评价正面
适意 ,评价正面
适用 ,评价正面
手不释卷 ,评价正面
手脚麻利 ,评价正面
手快 ,评价正面
手巧 ,评价正面
手勤 ,评价正面
手软 ,评价正面
手松 ,评价正面
首屈一指 ,评价正面
首要 ,评价正面
守法 ,评价正面
守时 ,评价正面
守时间 ,评价正面
受吃 ,评价正面
受过良好训练 ,评价正面
受看 ,评价正面
受听 ,评价正面
殊 ,评价正面
舒 ,评价正面
舒畅 ,评价正面
舒服 ,评价正面
舒缓 ,评价正面
舒快 ,评价正面
舒适 ,评价正面
舒舒服服 ,评价正面
舒爽 ,评价正面
舒松 ,评价正面
舒坦 ,评价正面
舒心 ,评价正面
淑 ,评价正面
熟 ,评价正面
熟练 ,评价正面
熟巧 ,评价正面
熟识 ,评价正面
熟透 ,评价正面
熟悉 ,评价正面
属实 ,评价正面
树叶茂盛 ,评价正面
数得上 ,评价正面
数得着 ,评价正面
数一数二 ,评价正面
帅 ,评价正面
双料 ,评价正面
双稳态 ,评价正面
爽 ,评价正面
爽口 ,评价正面
爽快 ,评价正面
爽朗 ,评价正面
爽利 ,评价正面
爽目 ,评价正面
爽气 ,评价正面
爽心悦目 ,评价正面
爽直 ,评价正面
水滴石穿 ,评价正面
水灵 ,评价正面
水灵灵 ,评价正面
水乳交融 ,评价正面
水汪汪 ,评价正面
水莹莹 ,评价正面
水涔涔 ,评价正面
顺 ,评价正面
顺畅 ,评价正面
顺当 ,评价正面
顺耳 ,评价正面
顺口 ,评价正面
顺理成章 ,评价正面
顺利 ,评价正面
顺势 ,评价正面
顺手 ,评价正面
顺顺当当 ,评价正面
顺眼 ,评价正面
说白了 ,评价正面
说得通 ,评价正面
说一不二 ,评价正面
硕学 ,评价正面
烁 ,评价正面
烁亮 ,评价正面
斯斯文文 ,评价正面
斯文 ,评价正面
思路清晰 ,评价正面
丝毫不差 ,评价正面
死得其所 ,评价正面
死活 ,评价正面
死静 ,评价正面
四平八稳 ,评价正面
似曾相识 ,评价正面
松 ,评价正面
松动 ,评价正面
松快 ,评价正面
素洁 ,评价正面
素朴 ,评价正面
素雅 ,评价正面
速效 ,评价正面
肃静 ,评价正面
肃穆 ,评价正面
肃然 ,评价正面
随便 ,评价正面
随和 ,评价正面
随手 ,评价正面
随宜 ,评价正面
随遇而安 ,评价正面
绥 ,评价正面
缩手缩脚 ,评价正面
塌实 ,评价正面
踏实 ,评价正面
踏踏实实 ,评价正面
台面上 ,评价正面
泰 ,评价正面
泰然处之 ,评价正面
泰然自若 ,评价正面
太平 ,评价正面
太太平平 ,评价正面
谈吐不俗 ,评价正面
谈言微中 ,评价正面
坦 ,评价正面
坦白 ,评价正面
坦诚 ,评价正面
坦诚相待 ,评价正面
坦诚相见 ,评价正面
坦荡 ,评价正面
坦荡荡 ,评价正面
坦率 ,评价正面
坦率直言 ,评价正面
坦实 ,评价正面
坦坦荡荡 ,评价正面
坦直 ,评价正面
探囊取物 ,评价正面
堂而皇之 ,评价正面
堂皇 ,评价正面
堂堂 ,评价正面
堂堂正正 ,评价正面
糖味 ,评价正面
掏心 ,评价正面
陶 ,评价正面
特出 ,评价正面
特等 ,评价正面
特惠 ,评价正面
特级 ,评价正面
特异 ,评价正面
剔透 ,评价正面
体面 ,评价正面
体态轻盈 ,评价正面
体系化 ,评价正面
惕 ,评价正面
天才 ,评价正面
天赐 ,评价正面
天从人愿 ,评价正面
天翻地覆 ,评价正面
天公地道 ,评价正面
天经地义 ,评价正面
天随人愿 ,评价正面
天遂人愿 ,评价正面
天下为公 ,评价正面
天香国色 ,评价正面
天摇地动 ,评价正面
天衣无缝 ,评价正面
天造地设 ,评价正面
天真 ,评价正面
天真烂漫 ,评价正面
天真无邪 ,评价正面
天姿国色 ,评价正面
天字第一号 ,评价正面
甜 ,评价正面
甜点 ,评价正面
甜美 ,评价正面
甜蜜 ,评价正面
甜蜜蜜 ,评价正面
甜丝丝 ,评价正面
甜滋滋 ,评价正面
恬 ,评价正面
恬静 ,评价正面
恬适 ,评价正面
挑战性 ,评价正面
贴边儿 ,评价正面
贴切 ,评价正面
贴题 ,评价正面
铁 ,评价正面
铁案如山 ,评价正面
铁打 ,评价正面
铁定 ,评价正面
铁骨铮铮 ,评价正面
铁面无私 ,评价正面
铁心 ,评价正面
铁杵磨成针 ,评价正面
铁铮铮 ,评价正面
停妥 ,评价正面
亭亭玉立 ,评价正面
亭匀 ,评价正面
挺括 ,评价正面
挺秀 ,评价正面
通 ,评价正面
通畅 ,评价正面
通达 ,评价正面
通亮 ,评价正面
通明 ,评价正面
通明透亮 ,评价正面
通情达理 ,评价正面
通权达变 ,评价正面
通顺 ,评价正面
通俗 ,评价正面
通俗易懂 ,评价正面
通天 ,评价正面
通透 ,评价正面
同等重要 ,评价正面
同情 ,评价正面
童颜鹤发 ,评价正面
统一 ,评价正面
痛快 ,评价正面
痛痛快快 ,评价正面
投机 ,评价正面
投入 ,评价正面
投缘 ,评价正面
头 ,评价正面
头等 ,评价正面
头号 ,评价正面
头面 ,评价正面
头脑清醒 ,评价正面
头头是道 ,评价正面
透辟 ,评价正面
透彻 ,评价正面
透亮 ,评价正面
透明 ,评价正面
突出 ,评价正面
突破性 ,评价正面
团结 ,评价正面
脱俗 ,评价正面
妥 ,评价正面
妥当 ,评价正面
妥切 ,评价正面
妥善 ,评价正面
妥贴 ,评价正面
瓦亮 ,评价正面
外向 ,评价正面
顽强 ,评价正面
顽石点头 ,评价正面
完 ,评价正面
完备 ,评价正面
完好 ,评价正面
完好如初 ,评价正面
完好如新 ,评价正面
完好无损 ,评价正面
完美 ,评价正面
完美无疵 ,评价正面
完美无缺 ,评价正面
完美无瑕 ,评价正面
完全 ,评价正面
完善 ,评价正面
完整 ,评价正面
宛转 ,评价正面
婉 ,评价正面
婉丽 ,评价正面
婉娩 ,评价正面
婉顺 ,评价正面
婉言 ,评价正面
婉约 ,评价正面
婉转 ,评价正面
万变不离其宗 ,评价正面
万不得已 ,评价正面
万夫不当 ,评价正面
万夫莫当 ,评价正面
万古长青 ,评价正面
万马奔腾 ,评价正面
万全 ,评价正面
万人空巷 ,评价正面
万无一失 ,评价正面
万众瞩目 ,评价正面
万籁俱寂 ,评价正面
网开一面 ,评价正面
旺 ,评价正面
旺盛 ,评价正面
忘我 ,评价正面
威风 ,评价正面
威风凛凛 ,评价正面
威武 ,评价正面
威严 ,评价正面
微言大义 ,评价正面
唯命是从 ,评价正面
唯命是听 ,评价正面
唯唯诺诺 ,评价正面
惟命是从 ,评价正面
惟命是听 ,评价正面
为人宽厚 ,评价正面
为人正直 ,评价正面
为宜 ,评价正面
委婉 ,评价正面
伟 ,评价正面
伟岸 ,评价正面
伟大 ,评价正面
蔚 ,评价正面
味道好 ,评价正面
味道鲜 ,评价正面
卫生 ,评价正面
温存 ,评价正面
温和 ,评价正面
温厚 ,评价正面
温静 ,评价正面
温良 ,评价正面
温情 ,评价正面
温情脉脉 ,评价正面
温柔 ,评价正面
温润 ,评价正面
温顺 ,评价正面
温文尔雅 ,评价正面
温驯 ,评价正面
温馨 ,评价正面
温煦 ,评价正面
文不加点 ,评价正面
文从字顺 ,评价正面
文静 ,评价正面
文明 ,评价正面
文文静静 ,评价正面
文武兼备 ,评价正面
文武全才 ,评价正面
文武双全 ,评价正面
文雅 ,评价正面
文质彬彬 ,评价正面
文绉绉 ,评价正面
闻达 ,评价正面
闻过则喜 ,评价正面
闻名 ,评价正面
稳 ,评价正面
稳步 ,评价正面
稳当 ,评价正面
稳定 ,评价正面
稳固 ,评价正面
稳健 ,评价正面
稳如泰山 ,评价正面
稳态 ,评价正面
稳妥 ,评价正面
稳扎稳打 ,评价正面
稳重 ,评价正面
沃 ,评价正面
无比幸福 ,评价正面
无变化 ,评价正面
无偿 ,评价正面
无疵 ,评价正面
无错误 ,评价正面
无毒 ,评价正面
无辜 ,评价正面
无害 ,评价正面
无华 ,评价正面
无价 ,评价正面
无拘束 ,评价正面
无拘无束 ,评价正面
无可非议 ,评价正面
无可厚非 ,评价正面
无可争议 ,评价正面
无可置疑 ,评价正面
无可訾议 ,评价正面
无牵无挂 ,评价正面
无人不晓 ,评价正面
无容置疑 ,评价正面
无上 ,评价正面
无上光荣 ,评价正面
无奢望 ,评价正面
无私 ,评价正面
无私无畏 ,评价正面
无损 ,评价正面
无所不可 ,评价正面
无所不能 ,评价正面
无所不知 ,评价正面
无所顾忌 ,评价正面
无所畏惧 ,评价正面
无微不至 ,评价正面
无畏 ,评价正面
无污染 ,评价正面
无误 ,评价正面
无先例 ,评价正面
无懈可击 ,评价正面
无疑 ,评价正面
无忧无虑 ,评价正面
无罪 ,评价正面
无瑕疵 ,评价正面
无恙 ,评价正面
芜 ,评价正面
武 ,评价正面
五彩纷呈 ,评价正面
五大三粗 ,评价正面
五谷丰登 ,评价正面
五星级 ,评价正面
物阜民丰 ,评价正面
物理 ,评价正面
熙 ,评价正面
熙和 ,评价正面
熙来攘往 ,评价正面
熙攘 ,评价正面
熙熙攘攘 ,评价正面
晰 ,评价正面
吸引人眼球 ,评价正面
悉心 ,评价正面
犀利 ,评价正面
洗炼 ,评价正面
洗练 ,评价正面
系统 ,评价正面
戏剧化 ,评价正面
戏剧性 ,评价正面
细 ,评价正面
细颗粒度 ,评价正面
细密 ,评价正面
细腻 ,评价正面
细巧 ,评价正面
细润 ,评价正面
细细 ,评价正面
细心 ,评价正面
细针密缕 ,评价正面
细致 ,评价正面
侠义 ,评价正面
下饭 ,评价正面
下酒 ,评价正面
先公后私 ,评价正面
先进 ,评价正面
先决 ,评价正面
先人后己 ,评价正面
鲜 ,评价正面
鲜活 ,评价正面
鲜亮 ,评价正面
鲜美 ,评价正面
鲜明 ,评价正面
纤尘不染 ,评价正面
纤巧 ,评价正面
贤 ,评价正面
贤达 ,评价正面
贤慧 ,评价正面
贤惠 ,评价正面
贤明 ,评价正面
闲雅 ,评价正面
显 ,评价正面
显达 ,评价正面
显而易见 ,评价正面
显贵 ,评价正面
显赫 ,评价正面
显豁 ,评价正面
显见 ,评价正面
显明 ,评价正面
显目 ,评价正面
显然 ,评价正面
显性 ,评价正面
显要 ,评价正面
显耀 ,评价正面
显著 ,评价正面
险固 ,评价正面
现实 ,评价正面
相安 ,评价正面
相安无事 ,评价正面
相当 ,评价正面
相当重要 ,评价正面
相宜 ,评价正面
香 ,评价正面
香醇 ,评价正面
香纯 ,评价正面
香喷喷 ,评价正面
香甜 ,评价正面
香甜可口 ,评价正面
香馥馥 ,评价正面
翔实 ,评价正面
祥 ,评价正面
祥和 ,评价正面
详 ,评价正面
详备 ,评价正面
详尽 ,评价正面
详密 ,评价正面
详明 ,评价正面
详实 ,评价正面
详悉 ,评价正面
详细 ,评价正面
详详细细 ,评价正面
响当当 ,评价正面
像话 ,评价正面
像样 ,评价正面
像样子 ,评价正面
象话 ,评价正面
萧洒 ,评价正面
消遣 ,评价正面
消停 ,评价正面
消消停停 ,评价正面
晓事 ,评价正面
小 ,评价正面
小康 ,评价正面
小面额 ,评价正面
小巧玲珑 ,评价正面
小心 ,评价正面
小心谨慎 ,评价正面
小心翼翼 ,评价正面
小有名气 ,评价正面
协调一致 ,评价正面
谐 ,评价正面
谐调 ,评价正面
谐和 ,评价正面
谐趣横生 ,评价正面
写意 ,评价正面
欣然 ,评价正面
欣欣然 ,评价正面
欣欣向荣 ,评价正面
辛勤 ,评价正面
新 ,评价正面
新潮 ,评价正面
新奇 ,评价正面
新鲜 ,评价正面
新异 ,评价正面
新颖 ,评价正面
心肠软 ,评价正面
心慈 ,评价正面
心慈面软 ,评价正面
心慈手软 ,评价正面
心地纯良 ,评价正面
心地善良 ,评价正面
心口如一 ,评价正面
心宽 ,评价正面
心灵 ,评价正面
心灵美 ,评价正面
心灵手巧 ,评价正面
心明眼亮 ,评价正面
心软 ,评价正面
心细 ,评价正面
心胸开阔 ,评价正面
心直口快 ,评价正面
信得过 ,评价正面
信赏必罚 ,评价正面
信实 ,评价正面
信息丰富 ,评价正面
星级 ,评价正面
惺 ,评价正面
惺惺 ,评价正面
兴隆 ,评价正面
兴趣盎然 ,评价正面
兴盛 ,评价正面
兴旺 ,评价正面
形象地 ,评价正面
形象化 ,评价正面
行 ,评价正面
行得通 ,评价正面
行时 ,评价正面
行云流水 ,评价正面
行之有效 ,评价正面
醒豁 ,评价正面
醒目 ,评价正面
醒眼 ,评价正面
幸福 ,评价正面
幸运 ,评价正面
性格外向 ,评价正面
性命交关 ,评价正面
性命攸关 ,评价正面
性情温良 ,评价正面
胸怀坦白 ,评价正面
胸怀坦荡 ,评价正面
汹汹 ,评价正面
汹涌 ,评价正面
汹涌澎湃 ,评价正面
雄 ,评价正面
雄健 ,评价正面
雄峻 ,评价正面
雄伟 ,评价正面
雄心勃勃 ,评价正面
雄壮 ,评价正面
雄姿英发 ,评价正面
雄赳赳 ,评价正面
熊腰虎背 ,评价正面
修明 ,评价正面
秀 ,评价正面
秀拔 ,评价正面
秀慧 ,评价正面
秀俊 ,评价正面
秀丽 ,评价正面
秀美 ,评价正面
秀媚 ,评价正面
秀气 ,评价正面
秀巧 ,评价正面
秀润 ,评价正面
秀色 ,评价正面
秀色可餐 ,评价正面
秀挺 ,评价正面
秀外慧中 ,评价正面
秀外惠中 ,评价正面
秀雅 ,评价正面
秀逸 ,评价正面
秀异 ,评价正面
虚怀若谷 ,评价正面
虚己 ,评价正面
虚心 ,评价正面
轩昂 ,评价正面
喧闹 ,评价正面
旋律优美 ,评价正面
玄 ,评价正面
玄奥 ,评价正面
玄而又玄 ,评价正面
玄秘 ,评价正面
玄妙 ,评价正面
玄远 ,评价正面
玄之又玄 ,评价正面
眩目 ,评价正面
绚 ,评价正面
绚烂 ,评价正面
绚丽 ,评价正面
绚丽多彩 ,评价正面
绚丽多姿 ,评价正面
绚丽夺目 ,评价正面
学而不厌 ,评价正面
学富五车 ,评价正面
学力宏赡 ,评价正面
学识渊博 ,评价正面
学有专长 ,评价正面
雪亮 ,评价正面
血气方刚 ,评价正面
驯 ,评价正面
驯服 ,评价正面
驯良 ,评价正面
驯善 ,评价正面
驯顺 ,评价正面
训练良好 ,评价正面
训练有素 ,评价正面
逊 ,评价正面
鸦雀无声 ,评价正面
雅 ,评价正面
雅观 ,评价正面
雅静 ,评价正面
雅俗共赏 ,评价正面
雅正 ,评价正面
雅致 ,评价正面
严谨 ,评价正面
严肃 ,评价正面
严整 ,评价正面
严正 ,评价正面
言必有中 ,评价正面
言简意赅 ,评价正面
言语流利 ,评价正面
言之成理 ,评价正面
言之有理 ,评价正面
眼光锐利 ,评价正面
眼光远大 ,评价正面
眼花缭乱 ,评价正面
眼疾手快 ,评价正面
眼尖 ,评价正面
眼明手快 ,评价正面
眼熟 ,评价正面
艳 ,评价正面
艳丽 ,评价正面
艳冶 ,评价正面
洋洋大观 ,评价正面
阳 ,评价正面
阳刚 ,评价正面
阳性 ,评价正面
养尊处优 ,评价正面
妖媚 ,评价正面
妖艳 ,评价正面
妖冶 ,评价正面
妖娆 ,评价正面
药到病除 ,评价正面
要 ,评价正面
要害 ,评价正面
要紧 ,评价正面
要强 ,评价正面
要死要活 ,评价正面
要言不烦 ,评价正面
耀 ,评价正面
耀眼 ,评价正面
野心勃勃 ,评价正面
冶容 ,评价正面
冶艳 ,评价正面
夜不闭户 ,评价正面
一板正经 ,评价正面
一本正经 ,评价正面
一笔不苟 ,评价正面
一笔一划 ,评价正面
一表非凡 ,评价正面
一步一个脚印儿 ,评价正面
一尘不染 ,评价正面
一等 ,评价正面
一定 ,评价正面
一干二净 ,评价正面
一个心眼儿 ,评价正面
一贯 ,评价正面
一呼百诺 ,评价正面
一呼百应 ,评价正面
一级 ,评价正面
一刻千金 ,评价正面
一口 ,评价正面
一流 ,评价正面
一律 ,评价正面
一门心思 ,评价正面
一目了然 ,评价正面
一清二白 ,评价正面
一清二楚 ,评价正面
一如既往 ,评价正面
一若以往 ,评价正面
一身是胆 ,评价正面
一身正气 ,评价正面
一视同仁 ,评价正面
一丝不差 ,评价正面
一丝不苟 ,评价正面
一体化 ,评价正面
一团和气 ,评价正面
一碗水端平 ,评价正面
一五一十 ,评价正面
一心 ,评价正面
一心一德 ,评价正面
一心一意 ,评价正面
一叶知秋 ,评价正面
一语双关 ,评价正面
一元化 ,评价正面
一致 ,评价正面
一专多能 ,评价正面
一字不差地 ,评价正面
依旧 ,评价正面
依然 ,评价正面
衣冠楚楚 ,评价正面
夷 ,评价正面
仪表堂堂 ,评价正面
仪态万方 ,评价正面
宜 ,评价正面
宜人 ,评价正面
已知 ,评价正面
以德报怨 ,评价正面
以一当十 ,评价正面
艺术 ,评价正面
易 ,评价正面
易如反掌 ,评价正面
逸乐 ,评价正面
亦然 ,评价正面
意味深长 ,评价正面
意在言外 ,评价正面
毅 ,评价正面
毅然 ,评价正面
毅然决然 ,评价正面
义 ,评价正面
义务 ,评价正面
益 ,评价正面
异彩纷呈 ,评价正面
茵茵 ,评价正面
因材施教 ,评价正面
因地制宜 ,评价正面
因陋就简 ,评价正面
因时制宜 ,评价正面
殷 ,评价正面
殷富 ,评价正面
殷勤 ,评价正面
殷实 ,评价正面
殷殷 ,评价正面
音调优美 ,评价正面
阴翳 ,评价正面
引人入胜 ,评价正面
引人深思 ,评价正面
引人瞩目 ,评价正面
引人注目 ,评价正面
引人注意 ,评价正面
英俊 ,评价正面
英烈 ,评价正面
英明 ,评价正面
英武 ,评价正面
英勇 ,评价正面
英姿飒爽 ,评价正面
应有 ,评价正面
莹 ,评价正面
莹白 ,评价正面
莹莹 ,评价正面
荧 ,评价正面
荧荧 ,评价正面
迎刃而解 ,评价正面
盈盈 ,评价正面
颖 ,评价正面
颖慧 ,评价正面
颖悟 ,评价正面
硬 ,评价正面
硬棒 ,评价正面
硬朗 ,评价正面
硬实 ,评价正面
雍和 ,评价正面
雍容 ,评价正面
雍容华贵 ,评价正面
踊跃 ,评价正面
勇 ,评价正面
勇敢 ,评价正面
勇悍 ,评价正面
勇猛 ,评价正面
勇武 ,评价正面
用得着 ,评价正面
用功 ,评价正面
用心 ,评价正面
幽 ,评价正面
幽寂 ,评价正面
幽静 ,评价正面
幽丽 ,评价正面
幽美 ,评价正面
幽默 ,评价正面
幽默滑稽 ,评价正面
幽凄 ,评价正面
幽婉 ,评价正面
幽闲 ,评价正面
幽雅 ,评价正面
幽娴 ,评价正面
优 ,评价正面
优等 ,评价正面
优厚 ,评价正面
优惠 ,评价正面
优良 ,评价正面
优美 ,评价正面
优美动听 ,评价正面
优柔 ,评价正面
优胜 ,评价正面
优秀 ,评价正面
优雅 ,评价正面
优异 ,评价正面
优裕 ,评价正面
优越 ,评价正面
优质 ,评价正面
优渥 ,评价正面
悠扬 ,评价正面
尤 ,评价正面
尤异 ,评价正面
由衷 ,评价正面
油光 ,评价正面
油光光 ,评价正面
油光水滑 ,评价正面
油光锃亮 ,评价正面
油亮 ,评价正面
油汪汪 ,评价正面
游刃有余 ,评价正面
有案可稽 ,评价正面
有板有眼 ,评价正面
有保留地 ,评价正面
有鼻子有眼 ,评价正面
有鼻子有眼儿 ,评价正面
有才干 ,评价正面
有财产 ,评价正面
有朝气 ,评价正面
有出息 ,评价正面
有胆量 ,评价正面
有的放矢 ,评价正面
有地位 ,评价正面
有方 ,评价正面
有福 ,评价正面
有福气 ,评价正面
有个性 ,评价正面
有根有据 ,评价正面
有功 ,评价正面
有贡献 ,评价正面
有光 ,评价正面
有涵养 ,评价正面
有恒 ,评价正面
有纪律 ,评价正面
有价值 ,评价正面
有见地 ,评价正面
有见识 ,评价正面
有教养 ,评价正面
有教益 ,评价正面
有节制 ,评价正面
有据 ,评价正面
有口无心 ,评价正面
有棱角 ,评价正面
有理 ,评价正面
有理由 ,评价正面
有理有据 ,评价正面
有礼 ,评价正面
有礼貌 ,评价正面
有利 ,评价正面
有良心 ,评价正面
有两手 ,评价正面
有两下子 ,评价正面
有眉目 ,评价正面
有门 ,评价正面
有门儿 ,评价正面
有名 ,评价正面
有名气 ,评价正面
有目共睹 ,评价正面
有能力 ,评价正面
有派 ,评价正面
有盼 ,评价正面
有盼儿 ,评价正面
有品味 ,评价正面
有钱 ,评价正面
有求必应 ,评价正面
有趣 ,评价正面
有韧劲 ,评价正面
有伸缩性 ,评价正面
有声有色 ,评价正面
有识 ,评价正面
有始有终 ,评价正面
有所作为 ,评价正面
有条不紊 ,评价正面
有条理 ,评价正面
有条有理 ,评价正面
有同情心 ,评价正面
有头脑 ,评价正面
有头有脸 ,评价正面
有头有尾 ,评价正面
有望 ,评价正面
有威信 ,评价正面
有为 ,评价正面
有味 ,评价正面
有文化 ,评价正面
有文章 ,评价正面
有戏 ,评价正面
有效 ,评价正面
有心眼 ,评价正面
有心眼儿 ,评价正面
有序 ,评价正面
有学问 ,评价正面
有血气 ,评价正面
有血有肉 ,评价正面
有眼光 ,评价正面
有眼力 ,评价正面
有一手 ,评价正面
有一套 ,评价正面
有意思 ,评价正面
有意义 ,评价正面
有益 ,评价正面
有勇气 ,评价正面
有用 ,评价正面
有智慧 ,评价正面
有种 ,评价正面
有滋味 ,评价正面
有滋有味 ,评价正面
有嘴无心 ,评价正面
友 ,评价正面
友爱 ,评价正面
友好 ,评价正面
友善 ,评价正面
诱人 ,评价正面
又红又专 ,评价正面
愚公移山 ,评价正面
余裕 ,评价正面
语重心长 ,评价正面
玉 ,评价正面
玉洁冰清 ,评价正面
玉立 ,评价正面
郁 ,评价正面
郁郁 ,评价正面
郁郁苍苍 ,评价正面
郁郁葱葱 ,评价正面
寓意深长 ,评价正面
寓意深刻 ,评价正面
渊博 ,评价正面
渊深 ,评价正面
原封 ,评价正面
原封不动 ,评价正面
圆浑 ,评价正面
圆活 ,评价正面
圆柔 ,评价正面
圆润 ,评价正面
圆熟 ,评价正面
圆通 ,评价正面
远大 ,评价正面
约 ,评价正面
悦耳 ,评价正面
悦目 ,评价正面
匀 ,评价正面
匀称 ,评价正面
匀和 ,评价正面
匀乎 ,评价正面
匀净 ,评价正面
匀溜 ,评价正面
匀实 ,评价正面
匀整 ,评价正面
允当 ,评价正面
在理 ,评价正面
在情理之中 ,评价正面
在行 ,评价正面
凿 ,评价正面
凿凿 ,评价正面
曾经沧海 ,评价正面
扎实 ,评价正面
扎眼 ,评价正面
扎扎实实 ,评价正面
崭 ,评价正面
崭新 ,评价正面
占理 ,评价正面
战斗 ,评价正面
站得高，看得远 ,评价正面
站得住 ,评价正面
站得住脚 ,评价正面
湛 ,评价正面
湛深 ,评价正面
彰 ,评价正面
彰明较著 ,评价正面
招笑儿 ,评价正面
昭 ,评价正面
昭然 ,评价正面
昭然若揭 ,评价正面
昭彰 ,评价正面
昭著 ,评价正面
照旧 ,评价正面
照理 ,评价正面
照实 ,评价正面
照样 ,评价正面
照章 ,评价正面
照直 ,评价正面
哲 ,评价正面
珍 ,评价正面
珍贵 ,评价正面
珍奇 ,评价正面
珍稀 ,评价正面
珍异 ,评价正面
真 ,评价正面
真诚 ,评价正面
真格的 ,评价正面
真率 ,评价正面
真切 ,评价正面
真确 ,评价正面
真实 ,评价正面
真实可信 ,评价正面
真心 ,评价正面
真心诚意 ,评价正面
真心实意 ,评价正面
真心真意 ,评价正面
真性 ,评价正面
真真 ,评价正面
真真切切 ,评价正面
真真实实 ,评价正面
真正 ,评价正面
真挚 ,评价正面
贞 ,评价正面
震古烁今 ,评价正面
震撼人心 ,评价正面
震天动地 ,评价正面
振奋人心 ,评价正面
争相 ,评价正面
整 ,评价正面
整洁 ,评价正面
整齐 ,评价正面
整齐划一 ,评价正面
整整齐齐 ,评价正面
整饬 ,评价正面
正 ,评价正面
正常 ,评价正面
正大 ,评价正面
正大光明 ,评价正面
正当 ,评价正面
正当年 ,评价正面
正点 ,评价正面
正而不谲 ,评价正面
正好 ,评价正面
正经 ,评价正面
正经八百 ,评价正面
正面 ,评价正面
正牌 ,评价正面
正派 ,评价正面
正确 ,评价正面
正统 ,评价正面
正义 ,评价正面
正直 ,评价正面
正宗 ,评价正面
郑重 ,评价正面
郑重其事 ,评价正面
枝繁叶茂 ,评价正面
支柱性 ,评价正面
知名 ,评价正面
知情达理 ,评价正面
知趣 ,评价正面
知书达理 ,评价正面
知书识礼 ,评价正面
直 ,评价正面
直肠子 ,评价正面
直截 ,评价正面
直截了当 ,评价正面
直捷 ,评价正面
直来直去 ,评价正面
直率 ,评价正面
直爽 ,评价正面
直心眼 ,评价正面
直心眼儿 ,评价正面
直性 ,评价正面
直性子 ,评价正面
执著 ,评价正面
执着 ,评价正面
值得崇拜 ,评价正面
值得纪念 ,评价正面
值得羡慕 ,评价正面
值钱 ,评价正面
志在千里 ,评价正面
挚 ,评价正面
挚诚 ,评价正面
挚切 ,评价正面
至诚 ,评价正面
至高无上 ,评价正面
至关紧要 ,评价正面
至关重大 ,评价正面
至关重要 ,评价正面
至上 ,评价正面
至深 ,评价正面
至尊 ,评价正面
至尊至贵 ,评价正面
致密 ,评价正面
智 ,评价正面
智慧型 ,评价正面
智能型 ,评价正面
智勇双全 ,评价正面
秩然不紊 ,评价正面
秩序井然 ,评价正面
稚弱 ,评价正面
质量好 ,评价正面
质朴 ,评价正面
质朴无华 ,评价正面
质优 ,评价正面
炙手可热 ,评价正面
中 ,评价正面
中坚 ,评价正面
中看 ,评价正面
中肯 ,评价正面
中听 ,评价正面
中心 ,评价正面
中用 ,评价正面
中允 ,评价正面
中正 ,评价正面
忠 ,评价正面
忠忱 ,评价正面
忠诚 ,评价正面
忠耿 ,评价正面
忠厚 ,评价正面
忠良 ,评价正面
忠实 ,评价正面
忠顺 ,评价正面
忠心赤胆 ,评价正面
忠心耿耿 ,评价正面
忠信 ,评价正面
忠义 ,评价正面
忠贞 ,评价正面
忠贞不贰 ,评价正面
忠贞不屈 ,评价正面
忠贞不渝 ,评价正面
忠直 ,评价正面
忠鲠 ,评价正面
衷心 ,评价正面
重 ,评价正面
重大 ,评价正面
重点 ,评价正面
重要 ,评价正面
众口一词 ,评价正面
众目昭彰 ,评价正面
众目睽睽 ,评价正面
众所周知 ,评价正面
周到 ,评价正面
周密 ,评价正面
周详 ,评价正面
周至 ,评价正面
珠圆玉润 ,评价正面
主导 ,评价正面
主动 ,评价正面
主要 ,评价正面
著 ,评价正面
著称 ,评价正面
著名 ,评价正面
专心 ,评价正面
专心致志 ,评价正面
专一 ,评价正面
专挚 ,评价正面
专注 ,评价正面
庄严 ,评价正面
庄重 ,评价正面
装备完善 ,评价正面
壮 ,评价正面
壮观 ,评价正面
壮健 ,评价正面
壮阔 ,评价正面
壮丽 ,评价正面
壮烈 ,评价正面
壮美 ,评价正面
壮实 ,评价正面
状况良好 ,评价正面
谆 ,评价正面
谆谆 ,评价正面
准 ,评价正面
准点 ,评价正面
准期 ,评价正面
准确 ,评价正面
准确无误 ,评价正面
准时 ,评价正面
卓 ,评价正面
卓尔不群 ,评价正面
卓然 ,评价正面
卓越 ,评价正面
卓越超群 ,评价正面
卓著 ,评价正面
卓荦 ,评价正面
卓跞 ,评价正面
桌面儿上 ,评价正面
茁 ,评价正面
茁壮 ,评价正面
着边 ,评价正面
着边儿 ,评价正面
灼 ,评价正面
灼亮 ,评价正面
灼然 ,评价正面
灼然可见 ,评价正面
灼然无疑 ,评价正面
灼灼 ,评价正面
资深 ,评价正面
滋润 ,评价正面
孜孜 ,评价正面
孜孜不倦 ,评价正面
仔细 ,评价正面
仔仔细细 ,评价正面
自卑 ,评价正面
自不待言 ,评价正面
自动 ,评价正面
自觉自愿 ,评价正面
自来熟 ,评价正面
自明 ,评价正面
自然 ,评价正面
自如 ,评价正面
自行 ,评价正面
自由 ,评价正面
自由主义 ,评价正面
自由自在 ,评价正面
自愿 ,评价正面
自在 ,评价正面
自尊 ,评价正面
足色 ,评价正面
足月 ,评价正面
足智多谋 ,评价正面
嘴紧 ,评价正面
嘴快 ,评价正面
嘴稳 ,评价正面
最高 ,评价正面
最高级 ,评价正面
最好 ,评价正面
最佳 ,评价正面
最理想 ,评价正面
最新 ,评价正面
最主要 ,评价正面
最著名 ,评价正面
尊 ,评价正面
尊贵 ,评价正面
尊敬 ,评价正面
做得好 ,评价正面
作为消遣 ,评价正面
作兴 ,评价正面
丕 ,评价正面
亘古未有 ,评价正面
孛 ,评价正面
厮熟 ,评价正面
剀 ,评价正面
剡 ,评价正面
剽悍 ,评价正面
仡 ,评价正面
仞 ,评价正面
佶 ,评价正面
侃 ,评价正面
佼 ,评价正面
俨 ,评价正面
俨然 ,评价正面
俅 ,评价正面
倩 ,评价正面
俳谐 ,评价正面
倬 ,评价正面
倜傥 ,评价正面
倜傥不群 ,评价正面
倜傥不羁 ,评价正面
傥 ,评价正面
僖 ,评价正面
僭 ,评价正面
儇 ,评价正面
裒 ,评价正面
冥 ,评价正面
诙谐 ,评价正面
谙练 ,评价正面
谠 ,评价正面
谧 ,评价正面
谧静 ,评价正面
劢 ,评价正面
劬 ,评价正面
劭 ,评价正面
哿 ,评价正面
勐 ,评价正面
矍铄 ,评价正面
懿 ,评价正面
芊 ,评价正面
芊眠 ,评价正面
芊绵 ,评价正面
芊芊 ,评价正面
芾 ,评价正面
茏 ,评价正面
茏葱 ,评价正面
苒 ,评价正面
茌 ,评价正面
荟 ,评价正面
荦 ,评价正面
荦荦 ,评价正面
荦荦大者 ,评价正面
荩 ,评价正面
莺声燕语 ,评价正面
菁 ,评价正面
菁菁 ,评价正面
萋 ,评价正面
萋萋 ,评价正面
菀 ,评价正面
蓁 ,评价正面
蓊 ,评价正面
蓊郁 ,评价正面
蕃 ,评价正面
蕃茂 ,评价正面
蕻 ,评价正面
奕 ,评价正面
奘 ,评价正面
挢 ,评价正面
掬诚 ,评价正面
叱咤风云 ,评价正面
呱呱叫 ,评价正面
哏 ,评价正面
噱头 ,评价正面
岑寂 ,评价正面
嶷 ,评价正面
徼幸 ,评价正面
狷 ,评价正面
狷介 ,评价正面
猗 ,评价正面
馐 ,评价正面
怃 ,评价正面
怡 ,评价正面
怡和 ,评价正面
怡然 ,评价正面
恺 ,评价正面
恂 ,评价正面
恪 ,评价正面
悃 ,评价正面
愣是 ,评价正面
愣要 ,评价正面
愀 ,评价正面
懔 ,评价正面
闳 ,评价正面
阒 ,评价正面
阒寂 ,评价正面
阒然 ,评价正面
阗 ,评价正面
泱泱 ,评价正面
泠然 ,评价正面
泠泠 ,评价正面
泠泠作响 ,评价正面
洌 ,评价正面
浃 ,评价正面
洵 ,评价正面
浏 ,评价正面
滟 ,评价正面
滢 ,评价正面
潇 ,评价正面
潇洒 ,评价正面
澹 ,评价正面
澹泊 ,评价正面
灏 ,评价正面
宓 ,评价正面
謇 ,评价正面
逍遥 ,评价正面
逍遥自在 ,评价正面
遐迩闻名 ,评价正面
邃 ,评价正面
妍 ,评价正面
妍丽 ,评价正面
妩 ,评价正面
妩媚 ,评价正面
娆 ,评价正面
姝 ,评价正面
娈 ,评价正面
姣 ,评价正面
姣好 ,评价正面
姣美 ,评价正面
姹 ,评价正面
娉 ,评价正面
娉娉袅袅 ,评价正面
娉婷 ,评价正面
娴 ,评价正面
娴静 ,评价正面
娴淑 ,评价正面
娴熟 ,评价正面
娴雅 ,评价正面
娓娓 ,评价正面
娓娓动听 ,评价正面
婀娜 ,评价正面
婀娜多姿 ,评价正面
婵蝉 ,评价正面
婵娟 ,评价正面
婵媛 ,评价正面
婷 ,评价正面
婷婷 ,评价正面
婷婷袅袅 ,评价正面
嫣 ,评价正面
嫣然 ,评价正面
孳 ,评价正面
骁 ,评价正面
骁悍 ,评价正面
骁勇 ,评价正面
骠 ,评价正面
骠勇 ,评价正面
绮 ,评价正面
绮丽 ,评价正面
缜 ,评价正面
缜密 ,评价正面
缥 ,评价正面
玮 ,评价正面
琦 ,评价正面
瑕不掩瑜 ,评价正面
璀璨 ,评价正面
璀璨夺目 ,评价正面
璞玉浑金 ,评价正面
璨然 ,评价正面
韪 ,评价正面
枭 ,评价正面
栩栩 ,评价正面
栩栩如活 ,评价正面
栩栩如生 ,评价正面
轫 ,评价正面
戛戛 ,评价正面
臧 ,评价正面
杲 ,评价正面
杲杲 ,评价正面
炅 ,评价正面
昶 ,评价正面
晟 ,评价正面
晔 ,评价正面
赅博 ,评价正面
肜 ,评价正面
肫 ,评价正面
脍炙人口 ,评价正面
腴 ,评价正面
膂力过人 ,评价正面
飒爽 ,评价正面
飒爽英姿 ,评价正面
斐 ,评价正面
斐然 ,评价正面
旖旎 ,评价正面
炜 ,评价正面
炫目 ,评价正面
烨 ,评价正面
煊 ,评价正面
煊赫 ,评价正面
熠 ,评价正面
熠耀 ,评价正面
熠熠 ,评价正面
熠熠生辉 ,评价正面
戾 ,评价正面
祯 ,评价正面
祺 ,评价正面
恣肆 ,评价正面
悫 ,评价正面
懋 ,评价正面
戆直 ,评价正面
眇 ,评价正面
睿 ,评价正面
睿哲 ,评价正面
睿智 ,评价正面
钐 ,评价正面
铮 ,评价正面
铮亮 ,评价正面
铮铮 ,评价正面
铮铮铁骨 ,评价正面
铿锵 ,评价正面
锃 ,评价正面
锃光瓦亮 ,评价正面
锃亮 ,评价正面
锖 ,评价正面
锬 ,评价正面
锲而不舍 ,评价正面
馥郁 ,评价正面
馥馥 ,评价正面
穰穰 ,评价正面
皎 ,评价正面
皎白 ,评价正面
皎洁 ,评价正面
皎皎 ,评价正面
皓 ,评价正面
皓月当空 ,评价正面
鸾凤和鸣 ,评价正面
竦 ,评价正面
窈冥 ,评价正面
窈窕 ,评价正面
虔 ,评价正面
虔诚 ,评价正面
虔敬 ,评价正面
虔心 ,评价正面
笃 ,评价正面
笃诚 ,评价正面
笃厚 ,评价正面
笃实 ,评价正面
笃学 ,评价正面
袅 ,评价正面
袅娜 ,评价正面
袅袅婷婷 ,评价正面
粲 ,评价正面
粲然 ,评价正面
粼 ,评价正面
粼粼 ,评价正面
艮 ,评价正面
翕 ,评价正面
翕然 ,评价正面
翩然 ,评价正面
翩若惊鸿 ,评价正面
翩翩 ,评价正面
翩跹 ,评价正面
赳赳 ,评价正面
醍醐灌顶 ,评价正面
跹 ,评价正面
觥筹交错 ,评价正面
靓 ,评价正面
靓丽 ,评价正面
霁月光风 ,评价正面
隽永 ,评价正面
鑫 ,评价正面
鲠直 ,评价正面
髀肉复生 ,评价正面
魅人 ,评价正面
僄 ,评价负面
啰啰唆唆 ,评价负面
啰啰嗦嗦 ,评价负面
啰里啰唆 ,评价负面
啰里啰嗦 ,评价负面
啰唆 ,评价负面
啰嗦 ,评价负面
噲 ,评价负面
奓着头发 ,评价负面
婞 ,评价负面
婞直 ,评价负面
崒 ,评价负面
弇陋 ,评价负面
惛 ,评价负面
惼 ,评价负面
梼昧 ,评价负面
獪 ,评价负面
瘆 ,评价负面
瘆得慌 ,评价负面
哀鸿遍野 ,评价负面
矮 ,评价负面
碍难 ,评价负面
碍眼 ,评价负面
爱搭不理 ,评价负面
爱理不理 ,评价负面
暗 ,评价负面
暗暗 ,评价负面
暗沉沉 ,评价负面
暗淡 ,评价负面
暗地 ,评价负面
暗地里 ,评价负面
暗黑 ,评价负面
暗里 ,评价负面
暗昧 ,评价负面
暗弱 ,评价负面
暗无天日 ,评价负面
暗下 ,评价负面
暗中 ,评价负面
暗自 ,评价负面
暗朦 ,评价负面
岸然 ,评价负面
肮里肮脏 ,评价负面
肮脏 ,评价负面
昂贵 ,评价负面
凹凸 ,评价负面
凹凸不平 ,评价负面
傲 ,评价负面
傲岸 ,评价负面
傲慢 ,评价负面
八面玲珑 ,评价负面
跋扈 ,评价负面
霸道 ,评价负面
霸气 ,评价负面
白 ,评价负面
白白 ,评价负面
白痴般 ,评价负面
白搭 ,评价负面
白忙 ,评价负面
白忙活儿 ,评价负面
白衣苍狗 ,评价负面
白云苍狗 ,评价负面
百孔千疮 ,评价负面
败坏 ,评价负面
稗 ,评价负面
板 ,评价负面
板板六十四 ,评价负面
板滞 ,评价负面
半半拉拉 ,评价负面
半路出家 ,评价负面
半新不旧 ,评价负面
半真半假 ,评价负面
薄 ,评价负面
薄情 ,评价负面
薄弱 ,评价负面
薄幸 ,评价负面
保残守缺 ,评价负面
保守 ,评价负面
抱残守缺 ,评价负面
暴 ,评价负面
暴烈 ,评价负面
暴虐 ,评价负面
暴躁 ,评价负面
暴戾 ,评价负面
暴戾恣睢 ,评价负面
爆炸性 ,评价负面
悲惨 ,评价负面
悲观 ,评价负面
悲观地 ,评价负面
悲剧 ,评价负面
悲凉 ,评价负面
卑 ,评价负面
卑鄙 ,评价负面
卑鄙无耻 ,评价负面
卑贱 ,评价负面
卑劣 ,评价负面
卑陋 ,评价负面
卑怯 ,评价负面
卑俗 ,评价负面
卑琐 ,评价负面
卑微 ,评价负面
卑污 ,评价负面
卑下 ,评价负面
卑猥 ,评价负面
背地 ,评价负面
背地里 ,评价负面
背光 ,评价负面
背后 ,评价负面
背悔 ,评价负面
背静 ,评价负面
背靠背 ,评价负面
背理 ,评价负面
背令 ,评价负面
背人 ,评价负面
背时 ,评价负面
背阴 ,评价负面
被动 ,评价负面
被动式 ,评价负面
被动性 ,评价负面
本本主义 ,评价负面
笨 ,评价负面
笨手笨脚 ,评价负面
笨头笨脑 ,评价负面
笨重 ,评价负面
笨拙 ,评价负面
比肩接踵 ,评价负面
鄙 ,评价负面
鄙贱 ,评价负面
鄙吝 ,评价负面
鄙陋 ,评价负面
鄙俗 ,评价负面
鄙俚 ,评价负面
蔽塞 ,评价负面
闭塞 ,评价负面
必修 ,评价负面
变化不定 ,评价负面
变化多端 ,评价负面
变化万千 ,评价负面
变化无常 ,评价负面
变化无穷 ,评价负面
变幻不定 ,评价负面
变幻莫测 ,评价负面
变幻无常 ,评价负面
变态 ,评价负面
变相 ,评价负面
表里不一 ,评价负面
憋拗 ,评价负面
别别扭扭 ,评价负面
别扭 ,评价负面
别有用心 ,评价负面
冰冷 ,评价负面
冰炭不相容 ,评价负面
秉性剌戾 ,评价负面
病病歪歪 ,评价负面
病弱 ,评价负面
病态 ,评价负面
病歪歪 ,评价负面
病殃殃 ,评价负面
病恹恹 ,评价负面
波谲云诡 ,评价负面
驳杂 ,评价负面
捕风捉影 ,评价负面
不爱交际 ,评价负面
不便 ,评价负面
不辨菽麦 ,评价负面
不才 ,评价负面
不成材 ,评价负面
不成功 ,评价负面
不成话 ,评价负面
不成器 ,评价负面
不成熟 ,评价负面
不成体统 ,评价负面
不成样子 ,评价负面
不打紧 ,评价负面
不大重要 ,评价负面
不当 ,评价负面
不到黄河心不死 ,评价负面
不道德 ,评价负面
不得当 ,评价负面
不得劲 ,评价负面
不得了 ,评价负面
不得体 ,评价负面
不登大雅之堂 ,评价负面
不等 ,评价负面
不端 ,评价负面
不对 ,评价负面
不对茬儿 ,评价负面
不对称 ,评价负面
不对付 ,评价负面
不对劲 ,评价负面
不对头 ,评价负面
不发达 ,评价负面
不法 ,评价负面
不方便 ,评价负面
不分青红皂白 ,评价负面
不分皂白 ,评价负面
不负责任 ,评价负面
不干不净 ,评价负面
不更事 ,评价负面
不公 ,评价负面
不公正 ,评价负面
不共戴天 ,评价负面
不够格 ,评价负面
不够完善 ,评价负面
不够意思 ,评价负面
不关痛痒 ,评价负面
不管三七二十一 ,评价负面
不管用 ,评价负面
不光彩 ,评价负面
不光明 ,评价负面
不规则 ,评价负面
不轨 ,评价负面
不好吃 ,评价负面
不好看 ,评价负面
不好客 ,评价负面
不好卖 ,评价负面
不好使 ,评价负面
不好听 ,评价负面
不好用 ,评价负面
不和 ,评价负面
不和蔼 ,评价负面
不和谐 ,评价负面
不合法 ,评价负面
不合格 ,评价负面
不合理 ,评价负面
不合逻辑 ,评价负面
不合情理 ,评价负面
不合时令 ,评价负面
不合时宜 ,评价负面
不合适 ,评价负面
不合算 ,评价负面
不合宜 ,评价负面
不合语法 ,评价负面
不划算 ,评价负面
不济 ,评价负面
不济事 ,评价负面
不俭省 ,评价负面
不健康 ,评价负面
不洁 ,评价负面
不谨慎 ,评价负面
不近情理 ,评价负面
不近人情 ,评价负面
不尽 ,评价负面
不尽如人意 ,评价负面
不精确 ,评价负面
不敬 ,评价负面
不绝如缕 ,评价负面
不均匀 ,评价负面
不开化 ,评价负面
不堪入耳 ,评价负面
不堪入目 ,评价负面
不堪设想 ,评价负面
不堪一击 ,评价负面
不堪造就 ,评价负面
不科学 ,评价负面
不可爱 ,评价负面
不可补救 ,评价负面
不可读 ,评价负面
不可告人 ,评价负面
不可更新 ,评价负面
不可恢复 ,评价负面
不可降解 ,评价负面
不可接受 ,评价负面
不可救药 ,评价负面
不可理喻 ,评价负面
不可逆转 ,评价负面
不可容忍 ,评价负面
不可收拾 ,评价负面
不可挽回 ,评价负面
不可行 ,评价负面
不可一世 ,评价负面
不可逾越 ,评价负面
不客气 ,评价负面
不宽容 ,评价负面
不郎不秀 ,评价负面
不冷不热 ,评价负面
不理智 ,评价负面
不礼貌 ,评价负面
不利 ,评价负面
不利于健康 ,评价负面
不力 ,评价负面
不良 ,评价负面
不灵敏 ,评价负面
不灵巧 ,评价负面
不流行 ,评价负面
不伦不类 ,评价负面
不美观 ,评价负面
不妙 ,评价负面
不民主 ,评价负面
不明不白 ,评价负面
不明显 ,评价负面
不明智 ,评价负面
不名一文 ,评价负面
不名誉 ,评价负面
不能解救 ,评价负面
不能容忍 ,评价负面
不宁 ,评价负面
不努力 ,评价负面
不平 ,评价负面
不平等 ,评价负面
不平衡 ,评价负面
不起眼 ,评价负面
不起眼儿 ,评价负面
不巧 ,评价负面
不切实际 ,评价负面
不清不白 ,评价负面
不清不楚 ,评价负面
不清楚 ,评价负面
不清洁 ,评价负面
不确切 ,评价负面
不仁 ,评价负面
不仁不义 ,评价负面
不人道 ,评价负面
不三不四 ,评价负面
不善 ,评价负面
不善交际 ,评价负面
不善交谈 ,评价负面
不甚重要 ,评价负面
不慎 ,评价负面
不胜 ,评价负面
不是味儿 ,评价负面
不是滋味儿 ,评价负面
不适当 ,评价负面
不适宜 ,评价负面
不适应 ,评价负面
不适于居住 ,评价负面
不受欢迎 ,评价负面
不熟练 ,评价负面
不疼不痒 ,评价负面
不体面 ,评价负面
不痛不痒 ,评价负面
不透明 ,评价负面
不透气 ,评价负面
不妥 ,评价负面
不为人知 ,评价负面
不卫生 ,评价负面
不文明 ,评价负面
不文雅 ,评价负面
不稳定 ,评价负面
不问青红皂白 ,评价负面
不问三七二十一 ,评价负面
不问是非情由 ,评价负面
不显眼 ,评价负面
不现实 ,评价负面
不相适应 ,评价负面
不祥 ,评价负面
不详 ,评价负面
不详尽 ,评价负面
不像话 ,评价负面
不消化 ,评价负面
不孝 ,评价负面
不肖 ,评价负面
不协调 ,评价负面
不兴 ,评价负面
不行 ,评价负面
不幸 ,评价负面
不修边幅 ,评价负面
不学无术 ,评价负面
不逊 ,评价负面
不雅 ,评价负面
不雅观 ,评价负面
不雅致 ,评价负面
不要紧 ,评价负面
不一致 ,评价负面
不宜 ,评价负面
不宜居住 ,评价负面
不宜说出口 ,评价负面
不易 ,评价负面
不友好 ,评价负面
不友善 ,评价负面
不择手段 ,评价负面
不真诚 ,评价负面
不真实 ,评价负面
不贞洁 ,评价负面
不正常 ,评价负面
不正当 ,评价负面
不正派 ,评价负面
不正直 ,评价负面
不值得羡慕 ,评价负面
不值一文 ,评价负面
不中用 ,评价负面
不重要 ,评价负面
不周 ,评价负面
不周到 ,评价负面
不注意 ,评价负面
不着边际 ,评价负面
不着调 ,评价负面
不足道 ,评价负面
不足挂齿 ,评价负面
不足轻重 ,评价负面
不足取 ,评价负面
不足为外人道 ,评价负面
不足为训 ,评价负面
不羁 ,评价负面
不稂不莠 ,评价负面
不虔诚 ,评价负面
才疏学浅 ,评价负面
财迷心窍 ,评价负面
残 ,评价负面
残败 ,评价负面
残暴 ,评价负面
残毒 ,评价负面
残酷 ,评价负面
残酷无情 ,评价负面
残虐 ,评价负面
残破 ,评价负面
残破不全 ,评价负面
残缺 ,评价负面
残缺不全 ,评价负面
残忍 ,评价负面
残损 ,评价负面
惨 ,评价负面
惨不忍睹 ,评价负面
惨淡 ,评价负面
惨毒 ,评价负面
惨绝人寰 ,评价负面
惨苦 ,评价负面
惨厉 ,评价负面
惨烈 ,评价负面
惨痛 ,评价负面
惨无人道 ,评价负面
苍白 ,评价负面
苍白无力 ,评价负面
苍凉 ,评价负面
苍茫 ,评价负面
操切 ,评价负面
糙 ,评价负面
草 ,评价负面
草草 ,评价负面
草荒 ,评价负面
草率 ,评价负面
草木皆兵 ,评价负面
策略 ,评价负面
策略性 ,评价负面
差 ,评价负面
差点儿 ,评价负面
差劲 ,评价负面
差可 ,评价负面
豺狼成性 ,评价负面
豺狼当道 ,评价负面
缠手 ,评价负面
颤颤巍巍 ,评价负面
颤颤悠悠 ,评价负面
颤巍巍 ,评价负面
猖 ,评价负面
猖狂 ,评价负面
长长短短 ,评价负面
长篇大论 ,评价负面
长篇累牍 ,评价负面
长线 ,评价负面
超标 ,评价负面
超常 ,评价负面
超然 ,评价负面
超重 ,评价负面
朝不保夕 ,评价负面
朝不谋夕 ,评价负面
朝秦暮楚 ,评价负面
朝三暮四 ,评价负面
潮 ,评价负面
吵吵闹闹 ,评价负面
吵人 ,评价负面
沉闷 ,评价负面
沉痛 ,评价负面
沉滞 ,评价负面
陈 ,评价负面
陈腐 ,评价负面
陈旧 ,评价负面
成事不足，败事有余 ,评价负面
逞性 ,评价负面
逞性子 ,评价负面
吃不开 ,评价负面
吃劲 ,评价负面
吃力 ,评价负面
吃重 ,评价负面
痴 ,评价负面
痴痴 ,评价负面
痴呆 ,评价负面
痴呆呆 ,评价负面
痴傻 ,评价负面
痴愚 ,评价负面
迟钝 ,评价负面
侈 ,评价负面
侈靡 ,评价负面
侈糜 ,评价负面
赤地千里 ,评价负面
赤裸裸淫秽 ,评价负面
赤贫 ,评价负面
充满危机 ,评价负面
冲昏头脑 ,评价负面
丑 ,评价负面
丑恶 ,评价负面
丑陋 ,评价负面
臭 ,评价负面
臭不可闻 ,评价负面
臭哄哄 ,评价负面
臭烘烘 ,评价负面
臭名远扬 ,评价负面
臭名昭彰 ,评价负面
臭名昭著 ,评价负面
臭气冲天 ,评价负面
臭气熏天 ,评价负面
臭味 ,评价负面
初出茅庐 ,评价负面
出手阔气 ,评价负面
触目惊心 ,评价负面
穿不出去 ,评价负面
穿不得 ,评价负面
串秧儿 ,评价负面
疮痍满目 ,评价负面
蠢 ,评价负面
蠢笨 ,评价负面
蠢头蠢脑 ,评价负面
刺鼻 ,评价负面
刺耳 ,评价负面
刺眼 ,评价负面
次 ,评价负面
次等 ,评价负面
从动 ,评价负面
从心所欲 ,评价负面
从严 ,评价负面
从重 ,评价负面
粗 ,评价负面
粗暴 ,评价负面
粗笨 ,评价负面
粗鄙 ,评价负面
粗糙 ,评价负面
粗放 ,评价负面
粗拉 ,评价负面
粗里粗气 ,评价负面
粗劣 ,评价负面
粗陋 ,评价负面
粗鲁 ,评价负面
粗率 ,评价负面
粗蛮 ,评价负面
粗莽 ,评价负面
粗浅 ,评价负面
粗涩 ,评价负面
粗手笨脚 ,评价负面
粗疏 ,评价负面
粗俗 ,评价负面
粗线条 ,评价负面
粗心 ,评价负面
粗心大意 ,评价负面
粗野 ,评价负面
粗枝大叶 ,评价负面
粗制滥造 ,评价负面
粗重 ,评价负面
粗拙 ,评价负面
粗犷 ,评价负面
促狭 ,评价负面
脆弱 ,评价负面
村气 ,评价负面
村野 ,评价负面
寸草不生 ,评价负面
错 ,评价负面
错乱 ,评价负面
错误 ,评价负面
错误百出 ,评价负面
错杂 ,评价负面
错综 ,评价负面
错综复杂 ,评价负面
大 ,评价负面
大错而特错 ,评价负面
大错特错 ,评价负面
大大咧咧 ,评价负面
大而笨拙 ,评价负面
大而化之 ,评价负面
大而无当 ,评价负面
大海捞针 ,评价负面
大面额 ,评价负面
大谬不然 ,评价负面
大手大脚 ,评价负面
大肆 ,评价负面
大摇大摆 ,评价负面
大意 ,评价负面
大咧咧 ,评价负面
呆 ,评价负面
呆板 ,评价负面
呆笨 ,评价负面
呆痴 ,评价负面
呆呆 ,评价负面
呆钝 ,评价负面
呆气 ,评价负面
呆傻 ,评价负面
呆头呆脑 ,评价负面
歹 ,评价负面
歹毒 ,评价负面
带有敌意 ,评价负面
殆 ,评价负面
怠惰 ,评价负面
单 ,评价负面
单薄 ,评价负面
单调 ,评价负面
单调枯燥 ,评价负面
单弱 ,评价负面
胆怯 ,评价负面
胆小 ,评价负面
胆小怕事 ,评价负面
胆小如鼠 ,评价负面
淡 ,评价负面
淡薄 ,评价负面
淡淡 ,评价负面
淡而无味 ,评价负面
淡漠 ,评价负面
淡然 ,评价负面
诞 ,评价负面
荡 ,评价负面
刀光剑影 ,评价负面
蹈常袭故 ,评价负面
倒胃口 ,评价负面
道德败坏 ,评价负面
道貌岸然 ,评价负面
德行 ,评价负面
德性 ,评价负面
得寸进尺 ,评价负面
得陇望蜀 ,评价负面
得鱼忘筌 ,评价负面
灯红酒绿 ,评价负面
灯火阑珊 ,评价负面
等而下之 ,评价负面
等外 ,评价负面
等因奉此 ,评价负面
低 ,评价负面
低卑 ,评价负面
低标准 ,评价负面
低层 ,评价负面
低档 ,评价负面
低等 ,评价负面
低端 ,评价负面
低级 ,评价负面
低贱 ,评价负面
低劣 ,评价负面
低迷 ,评价负面
低能 ,评价负面
低人一等 ,评价负面
低三下四 ,评价负面
低声下气 ,评价负面
低俗 ,评价负面
低下 ,评价负面
低效 ,评价负面
低效能 ,评价负面
低值 ,评价负面
低智 ,评价负面
低质 ,评价负面
滴里嘟噜 ,评价负面
敌对 ,评价负面
地位低下 ,评价负面
地下 ,评价负面
地狱般 ,评价负面
颠倒 ,评价负面
颠连 ,评价负面
颠三倒四 ,评价负面
凋敝 ,评价负面
刁 ,评价负面
刁恶 ,评价负面
刁悍 ,评价负面
刁滑 ,评价负面
刁赖 ,评价负面
刁蛮 ,评价负面
刁钻 ,评价负面
刁钻古怪 ,评价负面
吊儿郎当 ,评价负面
调皮 ,评价负面
鼎沸 ,评价负面
丢魂 ,评价负面
丢脸 ,评价负面
丢三落四 ,评价负面
东倒西歪 ,评价负面
冬烘 ,评价负面
动荡 ,评价负面
动荡不安 ,评价负面
动魄惊心 ,评价负面
动作迟顿 ,评价负面
毒 ,评价负面
毒辣 ,评价负面
独裁 ,评价负面
独断 ,评价负面
度量小 ,评价负面
短浅 ,评价负面
短视 ,评价负面
钝 ,评价负面
多变 ,评价负面
多病 ,评价负面
多事 ,评价负面
多义 ,评价负面
多余 ,评价负面
惰 ,评价负面
惰性 ,评价负面
讹 ,评价负面
恶 ,评价负面
恶毒 ,评价负面
恶贯满盈 ,评价负面
恶狠狠 ,评价负面
恶劣 ,评价负面
恶煞煞 ,评价负面
恶心 ,评价负面
恶浊 ,评价负面
饿殍遍野 ,评价负面
耳生 ,评价负面
二把刀 ,评价负面
二手 ,评价负面
二五眼 ,评价负面
发狂 ,评价负面
发腻 ,评价负面
发育不全 ,评价负面
乏 ,评价负面
乏味 ,评价负面
翻手为云，覆手为雨 ,评价负面
翻云覆雨 ,评价负面
繁复 ,评价负面
繁乱 ,评价负面
繁难 ,评价负面
繁冗 ,评价负面
繁琐 ,评价负面
繁芜 ,评价负面
繁杂 ,评价负面
繁重 ,评价负面
繁缛 ,评价负面
烦 ,评价负面
烦难 ,评价负面
烦冗 ,评价负面
烦琐 ,评价负面
烦嚣 ,评价负面
反 ,评价负面
反常 ,评价负面
反对称 ,评价负面
反反复复 ,评价负面
反复无常 ,评价负面
反面 ,评价负面
反叛 ,评价负面
反社会 ,评价负面
犯有罪行 ,评价负面
饭桶 ,评价负面
泛 ,评价负面
泛泛 ,评价负面
放诞 ,评价负面
放荡 ,评价负面
放荡不羁 ,评价负面
放浪 ,评价负面
放肆 ,评价负面
放纵 ,评价负面
菲 ,评价负面
菲薄 ,评价负面
非 ,评价负面
非法 ,评价负面
非分 ,评价负面
非婚生 ,评价负面
非礼 ,评价负面
非人 ,评价负面
非生产性 ,评价负面
非正常 ,评价负面
非正统 ,评价负面
非正义 ,评价负面
废 ,评价负面
废弛 ,评价负面
废旧 ,评价负面
废物 ,评价负面
沸沸扬扬 ,评价负面
费 ,评价负面
费工夫 ,评价负面
费功夫 ,评价负面
费劲 ,评价负面
费力 ,评价负面
费时 ,评价负面
费事 ,评价负面
纷 ,评价负面
纷繁 ,评价负面
纷乱 ,评价负面
纷扰 ,评价负面
纷杂 ,评价负面
封闭 ,评价负面
封闭式 ,评价负面
封闭型 ,评价负面
封建 ,评价负面
锋芒毕露 ,评价负面
风吹日晒 ,评价负面
风刀霜剑 ,评价负面
风风火火 ,评价负面
风流 ,评价负面
风骚 ,评价负面
风声鹤唳 ,评价负面
风雨飘摇 ,评价负面
疯疯癫癫 ,评价负面
疯狂 ,评价负面
疯狂般 ,评价负面
疯癫癫 ,评价负面
否 ,评价负面
否定 ,评价负面
肤泛 ,评价负面
肤皮潦草 ,评价负面
肤浅 ,评价负面
浮 ,评价负面
浮泛 ,评价负面
浮光掠影 ,评价负面
浮滑 ,评价负面
浮皮蹭痒 ,评价负面
浮漂 ,评价负面
浮浅 ,评价负面
浮躁 ,评价负面
浮噪 ,评价负面
腐败 ,评价负面
腐败堕落 ,评价负面
腐臭 ,评价负面
腐恶 ,评价负面
腐化 ,评价负面
腐化堕落 ,评价负面
腐旧 ,评价负面
腐烂 ,评价负面
腐朽 ,评价负面
腐朽没落 ,评价负面
覆雨翻云 ,评价负面
复 ,评价负面
复合 ,评价负面
复合式 ,评价负面
复合型 ,评价负面
复杂 ,评价负面
复杂多变 ,评价负面
傅会 ,评价负面
负 ,评价负面
负面 ,评价负面
富余 ,评价负面
附会 ,评价负面
嘎 ,评价负面
该死 ,评价负面
概念化 ,评价负面
干 ,评价负面
干巴 ,评价负面
干巴巴 ,评价负面
干瘪 ,评价负面
干瘪瘪 ,评价负面
干干巴巴 ,评价负面
干燥 ,评价负面
赶尽杀绝 ,评价负面
刚愎 ,评价负面
刚愎自用 ,评价负面
高昂 ,评价负面
高傲 ,评价负面
高不成，低不就 ,评价负面
高不成低不就 ,评价负面
高成本 ,评价负面
高价 ,评价负面
高价位 ,评价负面
高难 ,评价负面
高难度 ,评价负面
高压 ,评价负面
疙疙瘩瘩 ,评价负面
疙里疙瘩 ,评价负面
隔靴搔痒 ,评价负面
勾心斗角 ,评价负面
苟且 ,评价负面
狗眼看人 ,评价负面
垢 ,评价负面
够呛 ,评价负面
够戗 ,评价负面
孤 ,评价负面
孤傲 ,评价负面
孤傲不群 ,评价负面
孤单 ,评价负面
孤单单 ,评价负面
孤独 ,评价负面
孤孤单单 ,评价负面
孤寡 ,评价负面
孤寂 ,评价负面
孤立 ,评价负面
孤立无援 ,评价负面
孤零零 ,评价负面
孤陋寡闻 ,评价负面
孤僻 ,评价负面
古怪 ,评价负面
古旧 ,评价负面
古里古怪 ,评价负面
固定不变 ,评价负面
固执 ,评价负面
寡 ,评价负面
寡淡 ,评价负面
寡断 ,评价负面
寡了叭叽 ,评价负面
寡情 ,评价负面
寡味 ,评价负面
寡言 ,评价负面
寡言少语 ,评价负面
挂漏 ,评价负面
挂名 ,评价负面
挂一漏万 ,评价负面
乖谬 ,评价负面
乖僻 ,评价负面
乖张 ,评价负面
乖剌 ,评价负面
乖戾 ,评价负面
怪里怪气 ,评价负面
怪僻 ,评价负面
官僚 ,评价负面
官僚主义 ,评价负面
光怪陆离 ,评价负面
鬼 ,评价负面
鬼鬼祟祟 ,评价负面
鬼计多端 ,评价负面
鬼头鬼脑 ,评价负面
诡 ,评价负面
诡计多端 ,评价负面
诡秘 ,评价负面
诡诈 ,评价负面
诡谲 ,评价负面
贵 ,评价负面
过当 ,评价负面
过分简单化 ,评价负面
过分拥挤 ,评价负面
过河拆桥 ,评价负面
过了气 ,评价负面
过气 ,评价负面
过桥抽板 ,评价负面
过时 ,评价负面
哈喇 ,评价负面
孩子气 ,评价负面
海底捞月 ,评价负面
海底捞针 ,评价负面
害 ,评价负面
骇人听闻 ,评价负面
憨 ,评价负面
含含糊糊 ,评价负面
含含混混 ,评价负面
含糊 ,评价负面
含糊不清 ,评价负面
含糊其辞 ,评价负面
含糊其词 ,评价负面
含混 ,评价负面
含混不清 ,评价负面
含蓄 ,评价负面
涵蓄 ,评价负面
寒 ,评价负面
寒苦 ,评价负面
寒素 ,评价负面
寒酸 ,评价负面
寒微 ,评价负面
寒伧 ,评价负面
寒碜 ,评价负面
悍 ,评价负面
悍然 ,评价负面
豪 ,评价负面
豪侈 ,评价负面
豪横 ,评价负面
豪强 ,评价负面
豪奢 ,评价负面
毫不客气 ,评价负面
毫不留情 ,评价负面
毫无价值 ,评价负面
毫无目标 ,评价负面
毫无意义 ,评价负面
毫无用处 ,评价负面
好不容易 ,评价负面
好容易 ,评价负面
好事多磨 ,评价负面
黑 ,评价负面
黑暗 ,评价负面
黑沉沉 ,评价负面
黑灯瞎火 ,评价负面
黑洞洞 ,评价负面
黑咕隆咚 ,评价负面
黑乎乎 ,评价负面
黑茫茫 ,评价负面
黑蒙蒙 ,评价负面
黑漆寥光 ,评价负面
黑漆漆 ,评价负面
黑森森 ,评价负面
黑心 ,评价负面
黑心肠 ,评价负面
黑黝黝 ,评价负面
黑黢黢 ,评价负面
狠 ,评价负面
狠毒 ,评价负面
狠劲 ,评价负面
狠心 ,评价负面
横 ,评价负面
横暴 ,评价负面
横加 ,评价负面
横蛮无理 ,评价负面
横七竖八 ,评价负面
哄然 ,评价负面
猴 ,评价负面
后患无穷 ,评价负面
后进 ,评价负面
呼幺喝六 ,评价负面
胡 ,评价负面
胡里胡涂 ,评价负面
胡乱 ,评价负面
胡子拉茬 ,评价负面
胡子拉碴 ,评价负面
糊糊涂涂 ,评价负面
糊里糊涂 ,评价负面
糊涂 ,评价负面
虎踞龙蟠 ,评价负面
虎头蛇尾 ,评价负面
花 ,评价负面
花插着 ,评价负面
花搭着 ,评价负面
花花搭搭 ,评价负面
花里胡哨 ,评价负面
花钱浪费 ,评价负面
花拳绣腿 ,评价负面
花天酒地 ,评价负面
花心 ,评价负面
哗然 ,评价负面
华 ,评价负面
华而不实 ,评价负面
猾 ,评价负面
滑 ,评价负面
滑头 ,评价负面
滑头滑脑 ,评价负面
怀着恶意 ,评价负面
坏 ,评价负面
坏脾气 ,评价负面
坏人当道 ,评价负面
幻 ,评价负面
幻异 ,评价负面
荒 ,评价负面
荒诞 ,评价负面
荒诞不经 ,评价负面
荒诞派 ,评价负面
荒诞无稽 ,评价负面
荒废 ,评价负面
荒寂 ,评价负面
荒凉 ,评价负面
荒乱 ,评价负面
荒落 ,评价负面
荒谬 ,评价负面
荒谬绝伦 ,评价负面
荒漠 ,评价负面
荒僻 ,评价负面
荒弃 ,评价负面
荒疏 ,评价负面
荒唐 ,评价负面
荒唐无稽 ,评价负面
荒无人烟 ,评价负面
荒芜 ,评价负面
荒淫 ,评价负面
荒淫无耻 ,评价负面
荒淫无度 ,评价负面
荒瘠 ,评价负面
黄色 ,评价负面
晃晃悠悠 ,评价负面
晃悠悠 ,评价负面
恍恍惚惚 ,评价负面
恍惚 ,评价负面
谎 ,评价负面
灰暗 ,评价负面
灰沉沉 ,评价负面
灰溜溜 ,评价负面
灰茫茫 ,评价负面
灰蒙蒙 ,评价负面
灰色 ,评价负面
灰头灰脸 ,评价负面
灰头土脸 ,评价负面
灰秃秃 ,评价负面
灰朦朦 ,评价负面
慧黠 ,评价负面
晦 ,评价负面
晦暗 ,评价负面
晦涩 ,评价负面
晦冥 ,评价负面
晦暝 ,评价负面
秽 ,评价负面
秽恶 ,评价负面
秽乱 ,评价负面
秽土 ,评价负面
秽亵 ,评价负面
会来事 ,评价负面
昏 ,评价负面
昏暗 ,评价负面
昏沉 ,评价负面
昏黑 ,评价负面
昏乱 ,评价负面
昏昧 ,评价负面
昏天黑地 ,评价负面
昏头昏脑 ,评价负面
昏庸 ,评价负面
昏愦 ,评价负面
昏聩 ,评价负面
婚外 ,评价负面
浑 ,评价负面
浑浑噩噩 ,评价负面
浑头浑脑 ,评价负面
浑浊 ,评价负面
浑噩 ,评价负面
混 ,评价负面
混合 ,评价负面
混混沌沌 ,评价负面
混交 ,评价负面
混乱 ,评价负面
混淆不清 ,评价负面
混血 ,评价负面
混账 ,评价负面
混浊 ,评价负面
混沌 ,评价负面
活动 ,评价负面
火暴 ,评价负面
火爆 ,评价负面
祸不单行 ,评价负面
祸从天降 ,评价负面
机变 ,评价负面
机械 ,评价负面
机械式 ,评价负面
机械性 ,评价负面
畸 ,评价负面
畸轻畸重 ,评价负面
畸形 ,评价负面
积满灰尘 ,评价负面
积重难返 ,评价负面
鸡零狗碎 ,评价负面
鸡毛蒜皮 ,评价负面
鸡犬不留 ,评价负面
鸡犬不宁 ,评价负面
棘手 ,评价负面
急不可待 ,评价负面
急功近利 ,评价负面
急切 ,评价负面
急性子 ,评价负面
急于 ,评价负面
急躁 ,评价负面
疾言厉色 ,评价负面
挤 ,评价负面
挤巴 ,评价负面
挤得水泄不通 ,评价负面
挤得要命 ,评价负面
挤挤插插 ,评价负面
挤满 ,评价负面
寂 ,评价负面
寂寥 ,评价负面
寂寞 ,评价负面
忌刻 ,评价负面
夹七夹八 ,评价负面
家长式 ,评价负面
家贫如洗 ,评价负面
家徒壁立 ,评价负面
家徒四壁 ,评价负面
假 ,评价负面
假冒 ,评价负面
假模假式 ,评价负面
假仁假义 ,评价负面
假想 ,评价负面
假惺惺 ,评价负面
假意 ,评价负面
假造 ,评价负面
假正经 ,评价负面
假装神圣 ,评价负面
价高 ,评价负面
价格不菲 ,评价负面
价格高昂 ,评价负面
架空 ,评价负面
尖刻 ,评价负面
尖酸 ,评价负面
尖酸刻薄 ,评价负面
尖嘴薄舌 ,评价负面
尖嘴猴腮 ,评价负面
间不容发 ,评价负面
间杂 ,评价负面
肩摩毂击 ,评价负面
艰 ,评价负面
艰巨 ,评价负面
艰苦 ,评价负面
艰苦卓绝 ,评价负面
艰难 ,评价负面
艰难曲折 ,评价负面
艰难险阻 ,评价负面
艰涩 ,评价负面
艰深 ,评价负面
艰危 ,评价负面
艰辛 ,评价负面
奸 ,评价负面
奸刁 ,评价负面
奸恶 ,评价负面
奸猾 ,评价负面
奸险 ,评价负面
奸邪 ,评价负面
奸诈 ,评价负面
奸佞 ,评价负面
简单 ,评价负面
简陋 ,评价负面
简慢 ,评价负面
贱 ,评价负面
见不得人 ,评价负面
见风使舵 ,评价负面
见风转舵 ,评价负面
见识短浅 ,评价负面
见异思迁 ,评价负面
剑拔弩张 ,评价负面
僵 ,评价负面
僵化 ,评价负面
僵硬 ,评价负面
胶柱鼓瑟 ,评价负面
浇薄 ,评价负面
浇漓 ,评价负面
骄 ,评价负面
骄傲 ,评价负面
骄傲自满 ,评价负面
骄横 ,评价负面
骄慢 ,评价负面
骄气 ,评价负面
骄人 ,评价负面
骄奢淫逸 ,评价负面
骄纵 ,评价负面
骄矜 ,评价负面
娇 ,评价负面
娇痴 ,评价负面
娇贵 ,评价负面
娇憨 ,评价负面
娇嫩 ,评价负面
娇气 ,评价负面
娇弱 ,评价负面
娇生惯养 ,评价负面
矫情 ,评价负面
矫情造作 ,评价负面
矫揉造作 ,评价负面
侥 ,评价负面
狡 ,评价负面
狡猾 ,评价负面
狡计多端 ,评价负面
狡兔三窟 ,评价负面
狡诈 ,评价负面
狡狯 ,评价负面
狡黠 ,评价负面
揭不开锅 ,评价负面
竭蹶 ,评价负面
洁身自好 ,评价负面
结结巴巴 ,评价负面
斤斤计较 ,评价负面
金刚努目 ,评价负面
紧 ,评价负面
紧巴 ,评价负面
紧巴巴 ,评价负面
近视 ,评价负面
荆棘载途 ,评价负面
惊爆 ,评价负面
惊人 ,评价负面
惊天动地 ,评价负面
惊险 ,评价负面
精力枯竭 ,评价负面
精神不振 ,评价负面
精神溜号 ,评价负面
经济拮据 ,评价负面
经验不足 ,评价负面
静僻 ,评价负面
净余 ,评价负面
窘 ,评价负面
窘促 ,评价负面
窘急 ,评价负面
窘困 ,评价负面
窘迫 ,评价负面
窘涩 ,评价负面
旧 ,评价负面
旧式 ,评价负面
拘 ,评价负面
拘礼 ,评价负面
拘执 ,评价负面
狙 ,评价负面
拒人于千里之外 ,评价负面
剧毒 ,评价负面
倔 ,评价负面
倔强 ,评价负面
倔头倔脑 ,评价负面
倔犟 ,评价负面
绝 ,评价负面
绝情 ,评价负面
峻 ,评价负面
开小差 ,评价负面
坎坷 ,评价负面
坎坷不平 ,评价负面
看风使舵 ,评价负面
糠 ,评价负面
亢 ,评价负面
靠不住 ,评价负面
苛 ,评价负面
苛刻 ,评价负面
磕磕绊绊 ,评价负面
磕头碰脑 ,评价负面
可悲 ,评价负面
可鄙 ,评价负面
可怖 ,评价负面
可耻 ,评价负面
可恶 ,评价负面
可骇 ,评价负面
可恨 ,评价负面
可惊 ,评价负面
可怜 ,评价负面
可怕 ,评价负面
可叹 ,评价负面
可有可无 ,评价负面
可憎 ,评价负面
刻板 ,评价负面
刻薄 ,评价负面
刻毒 ,评价负面
刻舟求剑 ,评价负面
坑坑洼洼 ,评价负面
坑洼 ,评价负面
坑洼不平 ,评价负面
空 ,评价负面
空洞 ,评价负面
空洞洞 ,评价负面
空洞无聊 ,评价负面
空洞无物 ,评价负面
空乏 ,评价负面
空泛 ,评价负面
空幻 ,评价负面
空空洞洞 ,评价负面
空落落 ,评价负面
空头 ,评价负面
空虚 ,评价负面
空中楼阁 ,评价负面
恐怖 ,评价负面
抠 ,评价负面
抠门儿 ,评价负面
抠搜 ,评价负面
抠唆 ,评价负面
口蜜腹剑 ,评价负面
口是心非 ,评价负面
口头上 ,评价负面
枯 ,评价负面
枯寂 ,评价负面
枯涩 ,评价负面
枯燥 ,评价负面
枯燥乏味 ,评价负面
枯燥无味 ,评价负面
枯槁 ,评价负面
苦 ,评价负面
苦不唧 ,评价负面
苦口 ,评价负面
苦苦 ,评价负面
苦涩 ,评价负面
酷 ,评价负面
酷烈 ,评价负面
酷虐 ,评价负面
夸诞 ,评价负面
狂 ,评价负面
狂傲 ,评价负面
狂暴 ,评价负面
狂荡 ,评价负面
狂妄 ,评价负面
狂妄自大 ,评价负面
狂躁 ,评价负面
狂悖 ,评价负面
狂恣 ,评价负面
困顿 ,评价负面
困窘 ,评价负面
困苦 ,评价负面
困难 ,评价负面
困难重重 ,评价负面
困人 ,评价负面
阔绰 ,评价负面
阔气 ,评价负面
拉忽 ,评价负面
拉拉杂杂 ,评价负面
拉杂 ,评价负面
辣 ,评价负面
辣手 ,评价负面
来路不明 ,评价负面
来之不易 ,评价负面
赖 ,评价负面
赖皮 ,评价负面
懒 ,评价负面
懒到极点 ,评价负面
懒惰 ,评价负面
懒散 ,评价负面
烂 ,评价负面
滥 ,评价负面
狼狈 ,评价负面
狼狈不堪 ,评价负面
狼籍 ,评价负面
狼藉 ,评价负面
狼心狗肺 ,评价负面
浪 ,评价负面
浪荡 ,评价负面
劳而无功 ,评价负面
老 ,评价负面
老大难 ,评价负面
老掉牙 ,评价负面
老赶 ,评价负面
老虎屁股摸不得 ,评价负面
老奸巨猾 ,评价负面
老奸巨滑 ,评价负面
老辣 ,评价负面
老派 ,评价负面
老气 ,评价负面
老气横秋 ,评价负面
老弱病残 ,评价负面
老实 ,评价负面
老式 ,评价负面
老朽 ,评价负面
累卵 ,评价负面
累赘 ,评价负面
累牍连篇 ,评价负面
肋脦 ,评价负面
冷 ,评价负面
冷冰冰 ,评价负面
冷淡 ,评价负面
冷峻 ,评价负面
冷酷 ,评价负面
冷酷无情 ,评价负面
冷冷 ,评价负面
冷冷清清 ,评价负面
冷厉 ,评价负面
冷落 ,评价负面
冷门 ,评价负面
冷漠 ,评价负面
冷峭 ,评价负面
冷清 ,评价负面
冷清清 ,评价负面
冷若冰霜 ,评价负面
冷销 ,评价负面
冷血 ,评价负面
冷噤 ,评价负面
离索 ,评价负面
离题 ,评价负面
离心离德 ,评价负面
理亏 ,评价负面
理屈 ,评价负面
理屈词穷 ,评价负面
理由不充分 ,评价负面
里出外进 ,评价负面
厉 ,评价负面
厉害 ,评价负面
厉声 ,评价负面
利令智昏 ,评价负面
利已 ,评价负面
利欲熏心 ,评价负面
哩哩啦啦 ,评价负面
哩哩罗罗 ,评价负面
哩溜歪斜 ,评价负面
连篇累牍 ,评价负面
良莠不齐 ,评价负面
两面光 ,评价负面
两面三刀 ,评价负面
寥 ,评价负面
寥寂 ,评价负面
潦草 ,评价负面
了不得 ,评价负面
了不起 ,评价负面
烈 ,评价负面
烈性子 ,评价负面
劣 ,评价负面
劣等 ,评价负面
劣质 ,评价负面
劣中之劣 ,评价负面
鳞状 ,评价负面
凛 ,评价负面
凛凛 ,评价负面
凛然 ,评价负面
吝 ,评价负面
吝啬 ,评价负面
零 ,评价负面
零丁 ,评价负面
零零散散 ,评价负面
零零碎碎 ,评价负面
零乱 ,评价负面
零落 ,评价负面
零七八碎 ,评价负面
零散 ,评价负面
零碎 ,评价负面
零星 ,评价负面
伶仃 ,评价负面
凌乱 ,评价负面
凌杂 ,评价负面
令人不安 ,评价负面
令人齿冷 ,评价负面
令人恶心 ,评价负面
令人发指 ,评价负面
令人费解 ,评价负面
令人寒心 ,评价负面
令人敬畏 ,评价负面
令人困倦 ,评价负面
令人毛骨悚然 ,评价负面
令人恼火 ,评价负面
令人疲倦 ,评价负面
令人生气 ,评价负面
令人生厌 ,评价负面
令人讨厌 ,评价负面
令人厌恶 ,评价负面
令人厌倦 ,评价负面
令人遗憾 ,评价负面
令人折断腰 ,评价负面
令人窒息 ,评价负面
令人作呕 ,评价负面
溜号 ,评价负面
流里流气 ,评价负面
流气 ,评价负面
六亲不认 ,评价负面
娄 ,评价负面
漏洞百出 ,评价负面
陋 ,评价负面
鲁 ,评价负面
鲁钝 ,评价负面
鲁莽 ,评价负面
碌 ,评价负面
碌碌 ,评价负面
碌碌无为 ,评价负面
驴唇不对马嘴 ,评价负面
率 ,评价负面
率尔 ,评价负面
率然 ,评价负面
乱 ,评价负面
乱成一团 ,评价负面
乱纷纷 ,评价负面
乱哄哄 ,评价负面
乱烘烘 ,评价负面
乱乎 ,评价负面
乱了营 ,评价负面
乱乱哄哄 ,评价负面
乱虐并生 ,评价负面
乱蓬蓬 ,评价负面
乱七八糟 ,评价负面
乱套 ,评价负面
乱腾 ,评价负面
乱腾腾 ,评价负面
乱杂 ,评价负面
乱糟糟 ,评价负面
乱真 ,评价负面
乱嘈嘈 ,评价负面
落后 ,评价负面
落落寡合 ,评价负面
落寞 ,评价负面
落市 ,评价负面
落俗套 ,评价负面
落套 ,评价负面
落拓 ,评价负面
落伍 ,评价负面
麻 ,评价负面
麻痹 ,评价负面
麻烦 ,评价负面
麻麻黑 ,评价负面
麻木 ,评价负面
麻木不仁 ,评价负面
马虎 ,评价负面
马马虎虎 ,评价负面
埋汰 ,评价负面
卖不掉 ,评价负面
卖不动 ,评价负面
蛮 ,评价负面
蛮不讲理 ,评价负面
蛮悍 ,评价负面
蛮横 ,评价负面
蛮横无理 ,评价负面
蛮荒 ,评价负面
满 ,评价负面
满脸横肉 ,评价负面
满目疮痍 ,评价负面
漫 ,评价负面
漫不经心 ,评价负面
漫不经意 ,评价负面
漫无边际 ,评价负面
漫无目标 ,评价负面
漫无目的 ,评价负面
漫漶 ,评价负面
谩 ,评价负面
茫 ,评价负面
茫茫 ,评价负面
茫茫然 ,评价负面
盲目 ,评价负面
盲人瞎马 ,评价负面
莽 ,评价负面
莽苍 ,评价负面
莽莽苍苍 ,评价负面
莽莽撞撞 ,评价负面
莽撞 ,评价负面
猫哭老鼠 ,评价负面
毛 ,评价负面
毛糙 ,评价负面
毛毛躁躁 ,评价负面
毛手毛脚 ,评价负面
毛头毛脑 ,评价负面
毛躁 ,评价负面
冒 ,评价负面
冒牌 ,评价负面
冒失 ,评价负面
冒险 ,评价负面
冒有风险 ,评价负面
貌似强大 ,评价负面
貌似真实的 ,评价负面
贸贸然 ,评价负面
贸然 ,评价负面
没边儿 ,评价负面
没出息 ,评价负面
没骨头 ,评价负面
没关系 ,评价负面
没好气 ,评价负面
没见过世面 ,评价负面
没教养 ,评价负面
没劲 ,评价负面
没理 ,评价负面
没礼貌 ,评价负面
没良心 ,评价负面
没两下子 ,评价负面
没轻没重 ,评价负面
没什么了不得 ,评价负面
没什么了不起 ,评价负面
没受过教育 ,评价负面
没头没脑 ,评价负面
没头脑 ,评价负面
没味 ,评价负面
没心没肺 ,评价负面
没心眼儿 ,评价负面
没意思 ,评价负面
没用 ,评价负面
没有教养 ,评价负面
没有礼貌 ,评价负面
没有头脑 ,评价负面
没有学问 ,评价负面
没有勇气 ,评价负面
媚俗 ,评价负面
闷 ,评价负面
闷气 ,评价负面
蒙昧 ,评价负面
蒙蒙 ,评价负面
蒙蒙胧胧 ,评价负面
蒙胧 ,评价负面
孟浪 ,评价负面
靡丽 ,评价负面
靡靡 ,评价负面
糜 ,评价负面
糜烂 ,评价负面
迷濛 ,评价负面
迷宫般 ,评价负面
迷糊 ,评价负面
迷离 ,评价负面
迷离扑朔 ,评价负面
迷离倘恍 ,评价负面
迷漫 ,评价负面
迷茫 ,评价负面
迷蒙 ,评价负面
迷蒙蒙 ,评价负面
迷迷糊糊 ,评价负面
迷迷茫茫 ,评价负面
迷迷蒙蒙 ,评价负面
迷迷怔怔 ,评价负面
弥天 ,评价负面
米珠薪桂 ,评价负面
秘 ,评价负面
秘密 ,评价负面
密 ,评价负面
密不透风 ,评价负面
绵里藏针 ,评价负面
绵软 ,评价负面
勉勉强强 ,评价负面
勉强 ,评价负面
面呈病色 ,评价负面
面黄肌瘦 ,评价负面
面目可憎 ,评价负面
面目狰狞 ,评价负面
面色蜡黄 ,评价负面
面生 ,评价负面
面无表情 ,评价负面
藐小 ,评价负面
渺 ,评价负面
渺茫 ,评价负面
渺渺 ,评价负面
渺然 ,评价负面
渺若烟云 ,评价负面
渺小 ,评价负面
灭绝人性 ,评价负面
明哲保身 ,评价负面
名不副实 ,评价负面
名过其实 ,评价负面
名义 ,评价负面
名义上 ,评价负面
名誉扫地 ,评价负面
命苦 ,评价负面
谬 ,评价负面
模糊 ,评价负面
模糊不清 ,评价负面
模棱两可 ,评价负面
摩肩接踵 ,评价负面
魔鬼般 ,评价负面
魔怔 ,评价负面
莫须有 ,评价负面
墨 ,评价负面
漠 ,评价负面
漠不关心 ,评价负面
漠漠 ,评价负面
漠然 ,评价负面
寞 ,评价负面
陌生 ,评价负面
暮气 ,评价负面
暮气沉沉 ,评价负面
暮色苍茫 ,评价负面
幕后 ,评价负面
木 ,评价负面
木雕泥塑 ,评价负面
木头木脑 ,评价负面
木讷 ,评价负面
目不识丁 ,评价负面
目光短浅 ,评价负面
目光如豆 ,评价负面
目光凶狠 ,评价负面
目空一切 ,评价负面
目无余子 ,评价负面
目中无人 ,评价负面
拿腔拿调 ,评价负面
拿腔作势 ,评价负面
奶声奶气 ,评价负面
男盗女娼 ,评价负面
难 ,评价负面
难吃 ,评价负面
难看 ,评价负面
难人 ,评价负面
难上加难 ,评价负面
难上难 ,评价负面
难说话 ,评价负面
难听 ,评价负面
难闻 ,评价负面
难相处 ,评价负面
难驯服 ,评价负面
难以 ,评价负面
难以沟通 ,评价负面
囊空如洗 ,评价负面
囊中羞涩 ,评价负面
闹 ,评价负面
闹得慌 ,评价负面
闹哄哄 ,评价负面
闹闹哄哄 ,评价负面
闹闹嚷嚷 ,评价负面
闹嚷嚷 ,评价负面
嫩 ,评价负面
泥沙俱下 ,评价负面
你死我活 ,评价负面
匿名 ,评价负面
腻 ,评价负面
腻人 ,评价负面
逆 ,评价负面
逆耳 ,评价负面
蔫不唧儿 ,评价负面
蔫儿坏 ,评价负面
蔫头耷脑 ,评价负面
拈轻怕重 ,评价负面
年久失修 ,评价负面
鸟尽弓藏 ,评价负面
狞 ,评价负面
狞恶 ,评价负面
凝滞 ,评价负面
泞 ,评价负面
牛 ,评价负面
牛气 ,评价负面
扭扭捏捏 ,评价负面
奴颜婢膝 ,评价负面
虐 ,评价负面
懦 ,评价负面
懦怯 ,评价负面
懦弱 ,评价负面
盘根错节 ,评价负面
盘陁 ,评价负面
庞杂 ,评价负面
旁若无人 ,评价负面
配不上 ,评价负面
蓬乱 ,评价负面
蓬散 ,评价负面
蓬首垢面 ,评价负面
蓬头垢面 ,评价负面
蓬头散发 ,评价负面
脾气暴 ,评价负面
脾气爆躁 ,评价负面
脾气坏 ,评价负面
脾气火暴 ,评价负面
脾气急躁 ,评价负面
皮 ,评价负面
皮毛 ,评价负面
皮相 ,评价负面
僻 ,评价负面
僻静 ,评价负面
偏 ,评价负面
偏激 ,评价负面
偏颇 ,评价负面
偏听偏信 ,评价负面
偏狭 ,评价负面
偏斜 ,评价负面
偏心 ,评价负面
偏心眼 ,评价负面
片断 ,评价负面
片面 ,评价负面
骗人 ,评价负面
漂浮 ,评价负面
贫 ,评价负面
贫寒 ,评价负面
贫苦 ,评价负面
贫困 ,评价负面
贫穷 ,评价负面
贫瘠 ,评价负面
平白 ,评价负面
平白无故 ,评价负面
平淡 ,评价负面
平淡无奇 ,评价负面
平淡无味 ,评价负面
平铺直叙 ,评价负面
平铺直序 ,评价负面
凭白无故 ,评价负面
凭空 ,评价负面
坡 ,评价负面
泼 ,评价负面
泼辣 ,评价负面
婆婆妈妈 ,评价负面
破 ,评价负面
破败 ,评价负面
破坏性 ,评价负面
破旧 ,评价负面
破烂不堪 ,评价负面
破陋 ,评价负面
扑朔迷离 ,评价负面
铺张 ,评价负面
铺张浪费 ,评价负面
欺诈性 ,评价负面
七零八落 ,评价负面
凄 ,评价负面
凄惨 ,评价负面
凄楚 ,评价负面
凄寒 ,评价负面
凄寂 ,评价负面
凄苦 ,评价负面
凄冷 ,评价负面
凄厉 ,评价负面
凄凉 ,评价负面
凄迷 ,评价负面
凄怆 ,评价负面
漆黑 ,评价负面
漆黑一团 ,评价负面
其貌不扬 ,评价负面
奇丑无比 ,评价负面
奇形怪状 ,评价负面
崎 ,评价负面
崎岖 ,评价负面
崎岖不平 ,评价负面
起绉 ,评价负面
起褶子 ,评价负面
岂有此理 ,评价负面
气粗 ,评价负面
气闷 ,评价负面
气盛 ,评价负面
气势汹汹 ,评价负面
气壮如牛 ,评价负面
千变万化 ,评价负面
千疮百孔 ,评价负面
千金一掷 ,评价负面
千钧一发 ,评价负面
千篇一律 ,评价负面
前呼后拥 ,评价负面
潜 ,评价负面
浅 ,评价负面
浅薄 ,评价负面
浅尝辄止 ,评价负面
浅陋 ,评价负面
欠妥 ,评价负面
欠完善 ,评价负面
欠周到 ,评价负面
强 ,评价负面
强暴 ,评价负面
强横 ,评价负面
强行 ,评价负面
强制 ,评价负面
强制性 ,评价负面
巧 ,评价负面
巧黠 ,评价负面
翘尾巴 ,评价负面
峭 ,评价负面
峭直 ,评价负面
怯 ,评价负面
怯懦 ,评价负面
怯然 ,评价负面
怯弱 ,评价负面
怯生生 ,评价负面
窃 ,评价负面
禽兽不如 ,评价负面
轻 ,评价负面
轻薄 ,评价负面
轻淡 ,评价负面
轻浮 ,评价负面
轻贱 ,评价负面
轻狂 ,评价负面
轻率 ,评价负面
轻描淡写 ,评价负面
轻易 ,评价负面
轻佻 ,评价负面
倾斜 ,评价负面
清淡 ,评价负面
清高 ,评价负面
清寒 ,评价负面
清苦 ,评价负面
清冷 ,评价负面
清贫 ,评价负面
穷 ,评价负面
穷乏 ,评价负面
穷极潦倒 ,评价负面
穷苦 ,评价负面
穷困 ,评价负面
穷困潦倒 ,评价负面
穷奢极侈 ,评价负面
穷奢极欲 ,评价负面
穷酸 ,评价负面
穷途潦倒 ,评价负面
穷途末路 ,评价负面
穷凶极恶 ,评价负面
穷匮 ,评价负面
囚首垢面 ,评价负面
区区 ,评价负面
曲曲折折 ,评价负面
曲折 ,评价负面
屈才 ,评价负面
屈理 ,评价负面
犬牙交错 ,评价负面
缺 ,评价负面
缺德 ,评价负面
缺乏才智 ,评价负面
缺乏教养 ,评价负面
缺乏绅士风度 ,评价负面
缺乏幽默 ,评价负面
缺心眼 ,评价负面
缺心眼儿 ,评价负面
群魔乱舞 ,评价负面
攘攘 ,评价负面
扰扰 ,评价负面
绕脖子 ,评价负面
人不为己，天诛地灭 ,评价负面
人不知，鬼不觉 ,评价负面
人声鼎沸 ,评价负面
人声嘈杂 ,评价负面
人头攒动 ,评价负面
人为财死，鸟为食亡 ,评价负面
任重道远 ,评价负面
任纵 ,评价负面
认死理 ,评价负面
认死理儿 ,评价负面
冗 ,评价负面
冗长 ,评价负面
冗余 ,评价负面
冗赘 ,评价负面
柔弱 ,评价负面
肉 ,评价负面
肉了叭叽 ,评价负面
肉麻 ,评价负面
如临大敌 ,评价负面
如临深渊 ,评价负面
如履薄冰 ,评价负面
乳臭未干 ,评价负面
软 ,评价负面
软绵绵 ,评价负面
软弱 ,评价负面
软弱无力 ,评价负面
若明若暗 ,评价负面
若隐若现 ,评价负面
弱 ,评价负面
弱不禁风 ,评价负面
弱不胜衣 ,评价负面
弱势 ,评价负面
弱小 ,评价负面
弱智 ,评价负面
三天打鱼两天晒网 ,评价负面
散 ,评价负面
散乱 ,评价负面
散漫 ,评价负面
嗓子不好 ,评价负面
丧尽天良 ,评价负面
丧心病狂 ,评价负面
骚 ,评价负面
骚乱性 ,评价负面
色厉内荏 ,评价负面
色迷迷 ,评价负面
色情 ,评价负面
涩 ,评价负面
涩苦 ,评价负面
涩滞 ,评价负面
森 ,评价负面
杀气腾腾 ,评价负面
杀人不见血 ,评价负面
杀人不眨眼 ,评价负面
杀人如麻 ,评价负面
傻 ,评价负面
傻呵呵 ,评价负面
傻乎乎 ,评价负面
傻里瓜唧 ,评价负面
傻里傻气 ,评价负面
傻头傻脑 ,评价负面
山南海北 ,评价负面
山穷水尽 ,评价负面
闪烁 ,评价负面
伤风败俗 ,评价负面
伤脑筋 ,评价负面
伤天害理 ,评价负面
伤心惨目 ,评价负面
少不更事 ,评价负面
奢 ,评价负面
奢侈 ,评价负面
奢华 ,评价负面
奢靡 ,评价负面
奢糜 ,评价负面
蛇蝎心肠 ,评价负面
涉世不深 ,评价负面
身无分文 ,评价负面
深重 ,评价负面
神不知，鬼不觉 ,评价负面
神不知鬼不觉 ,评价负面
神秘 ,评价负面
神气活现 ,评价负面
神气十足 ,评价负面
神神秘秘 ,评价负面
神志委靡 ,评价负面
声名狼藉 ,评价负面
声色俱厉 ,评价负面
生 ,评价负面
生拉硬拽 ,评价负面
生涩 ,评价负面
生疏 ,评价负面
生硬 ,评价负面
盛气凌人 ,评价负面
剩余 ,评价负面
失常 ,评价负面
失当 ,评价负面
失检 ,评价负面
失礼 ,评价负面
失落 ,评价负面
失去理性 ,评价负面
失神 ,评价负面
失慎 ,评价负面
失实 ,评价负面
失宜 ,评价负面
十恶不赦 ,评价负面
十室九空 ,评价负面
什 ,评价负面
什锦 ,评价负面
食而不化 ,评价负面
食而不知其味 ,评价负面
食古不化 ,评价负面
实属不易 ,评价负面
使不得 ,评价负面
使人疲劳 ,评价负面
世故 ,评价负面
世情冷暖 ,评价负面
世俗 ,评价负面
世态炎凉 ,评价负面
誓不两立 ,评价负面
势不两立 ,评价负面
势利 ,评价负面
势利眼 ,评价负面
嗜杀成性 ,评价负面
嗜血 ,评价负面
嗜血成性 ,评价负面
恃才傲物 ,评价负面
手脚不干净 ,评价负面
手紧 ,评价负面
手生 ,评价负面
手头紧 ,评价负面
手无缚鸡之力 ,评价负面
守旧 ,评价负面
守株待兔 ,评价负面
瘦 ,评价负面
瘦弱 ,评价负面
输理 ,评价负面
疏忽 ,评价负面
疏懒 ,评价负面
疏松 ,评价负面
书生气 ,评价负面
鼠胆 ,评价负面
鼠目寸光 ,评价负面
数不上 ,评价负面
数不着 ,评价负面
衰弱 ,评价负面
衰颓 ,评价负面
水火不相容 ,评价负面
水泄不通 ,评价负面
水性杨花 ,评价负面
水中捞月 ,评价负面
瞬息万变 ,评价负面
说不过去 ,评价负面
说来话长 ,评价负面
斯文扫地 ,评价负面
私 ,评价负面
私底下 ,评价负面
私密 ,评价负面
私下 ,评价负面
私下里 ,评价负面
私自 ,评价负面
死 ,评价负面
死板 ,评价负面
死板板 ,评价负面
死沉沉 ,评价负面
死脑筋 ,评价负面
死气沉沉 ,评价负面
死去活来 ,评价负面
死死 ,评价负面
死心塌地 ,评价负面
死心眼 ,评价负面
死心眼儿 ,评价负面
死性 ,评价负面
死一般 ,评价负面
死硬 ,评价负面
死有余辜 ,评价负面
肆 ,评价负面
肆无忌惮 ,评价负面
肆意 ,评价负面
四大皆空 ,评价负面
四面楚歌 ,评价负面
似 ,评价负面
似乎 ,评价负面
似是而非 ,评价负面
松垮 ,评价负面
松垮垮 ,评价负面
松散 ,评价负面
松散散 ,评价负面
松松垮垮 ,评价负面
耸人听闻 ,评价负面
酥 ,评价负面
酥软 ,评价负面
酥松 ,评价负面
俗 ,评价负面
俗气 ,评价负面
素不相识 ,评价负面
素昧平生 ,评价负面
肃 ,评价负面
肃杀 ,评价负面
酸 ,评价负面
酸不溜丢 ,评价负面
酸臭 ,评价负面
酸刻 ,评价负面
酸溜溜 ,评价负面
酸涩 ,评价负面
随便 ,评价负面
随风倒 ,评价负面
随风使舵 ,评价负面
随风转舵 ,评价负面
随随便便 ,评价负面
随心所欲 ,评价负面
碎 ,评价负面
祟 ,评价负面
损 ,评价负面
损人利己 ,评价负面
琐 ,评价负面
琐碎 ,评价负面
琐细 ,评价负面
琐屑 ,评价负面
索 ,评价负面
索然 ,评价负面
索然乏味 ,评价负面
索然寡味 ,评价负面
索然无味 ,评价负面
所谓 ,评价负面
太随便 ,评价负面
太虚 ,评价负面
贪 ,评价负面
贪得无厌 ,评价负面
贪婪 ,评价负面
贪心 ,评价负面
贪心不足 ,评价负面
瘫软 ,评价负面
谈何容易 ,评价负面
唐突 ,评价负面
烫手 ,评价负面
淘 ,评价负面
淘气 ,评价负面
淘神 ,评价负面
讨厌 ,评价负面
特困 ,评价负面
特贫 ,评价负面
体力不支 ,评价负面
体弱 ,评价负面
体衰 ,评价负面
天昏地暗 ,评价负面
天南地北 ,评价负面
天南海北 ,评价负面
天真 ,评价负面
恬淡 ,评价负面
腆 ,评价负面
挑逗性 ,评价负面
铁杆儿 ,评价负面
铁公鸡一毛不拔 ,评价负面
铁石心肠 ,评价负面
铁血 ,评价负面
听天由命 ,评价负面
偷 ,评价负面
偷工减料 ,评价负面
偷偷 ,评价负面
偷偷摸摸 ,评价负面
投机 ,评价负面
头脑空虚 ,评价负面
头痛 ,评价负面
秃 ,评价负面
徒 ,评价负面
徒劳 ,评价负面
徒劳无功 ,评价负面
徒劳无益 ,评价负面
徒然 ,评价负面
土 ,评价负面
土得掉渣 ,评价负面
土里土气 ,评价负面
土气 ,评价负面
土俗 ,评价负面
土头土脑 ,评价负面
兔死狗烹 ,评价负面
兔子不吃窝边草 ,评价负面
兔子尾巴长不了 ,评价负面
颓 ,评价负面
颓败 ,评价负面
颓废 ,评价负面
蜕化 ,评价负面
蜕化变质 ,评价负面
退化 ,评价负面
拖泥带水 ,评价负面
拖沓 ,评价负面
歪 ,评价负面
歪歪扭扭 ,评价负面
歪斜 ,评价负面
外面儿光 ,评价负面
外行 ,评价负面
顽 ,评价负面
顽钝 ,评价负面
顽梗 ,评价负面
顽固 ,评价负面
顽劣 ,评价负面
顽皮 ,评价负面
完全不重要 ,评价负面
万恶 ,评价负面
万花筒似 ,评价负面
万马齐喑 ,评价负面
万难 ,评价负面
枉 ,评价负面
枉费心机 ,评价负面
枉然 ,评价负面
望梅止渴 ,评价负面
忘恩负义 ,评价负面
忘情 ,评价负面
妄 ,评价负面
妄自尊大 ,评价负面
威 ,评价负面
威厉 ,评价负面
微不足道 ,评价负面
微贱 ,评价负面
微茫 ,评价负面
微末 ,评价负面
危殆 ,评价负面
危机四伏 ,评价负面
危机重重 ,评价负面
危急 ,评价负面
危如累卵 ,评价负面
危亡 ,评价负面
危险 ,评价负面
危在旦夕 ,评价负面
唯利是图 ,评价负面
唯我独尊 ,评价负面
惟利是图 ,评价负面
惟我独尊 ,评价负面
为人作嫁 ,评价负面
为人作嫁衣裳 ,评价负面
为所欲为 ,评价负面
萎靡不振 ,评价负面
委靡不振 ,评价负面
委琐 ,评价负面
伪 ,评价负面
伪善 ,评价负面
伪造 ,评价负面
未便 ,评价负面
未成熟 ,评价负面
未归类 ,评价负面
未揭露 ,评价负面
未老先衰 ,评价负面
未列计划 ,评价负面
未受过教育 ,评价负面
味道不好 ,评价负面
味同嚼蜡 ,评价负面
畏怯 ,评价负面
畏首畏尾 ,评价负面
文不对题 ,评价负面
文弱 ,评价负面
文恬武嬉 ,评价负面
紊 ,评价负面
紊乱 ,评价负面
问道于盲 ,评价负面
窝囊 ,评价负面
乌沉沉 ,评价负面
乌灯黑火 ,评价负面
乌洞洞 ,评价负面
乌七八糟 ,评价负面
乌漆墨黑 ,评价负面
乌涂 ,评价负面
乌托邦 ,评价负面
乌压压 ,评价负面
乌烟瘴气 ,评价负面
污 ,评价负面
污秽 ,评价负面
污七八糟 ,评价负面
污浊 ,评价负面
无伴 ,评价负面
无表情 ,评价负面
无补 ,评价负面
无补于事 ,评价负面
无常 ,评价负面
无诚意 ,评价负面
无道德观念 ,评价负面
无的放矢 ,评价负面
无动于衷 ,评价负面
无度 ,评价负面
无端 ,评价负面
无端端 ,评价负面
无法无天 ,评价负面
无根据 ,评价负面
无故 ,评价负面
无关大局 ,评价负面
无关宏旨 ,评价负面
无关紧要 ,评价负面
无关痛痒 ,评价负面
无光 ,评价负面
无光泽 ,评价负面
无规 ,评价负面
无涵养 ,评价负面
无稽 ,评价负面
无济于事 ,评价负面
无计划 ,评价负面
无记名 ,评价负面
无纪律 ,评价负面
无价值 ,评价负面
无教养 ,评价负面
无节制 ,评价负面
无可无不可 ,评价负面
无口才 ,评价负面
无赖 ,评价负面
无理 ,评价负面
无礼 ,评价负面
无力 ,评价负面
无聊 ,评价负面
无眉目 ,评价负面
无目的 ,评价负面
无能 ,评价负面
无能为力 ,评价负面
无凭无据 ,评价负面
无情 ,评价负面
无情无义 ,评价负面
无人过问 ,评价负面
无人问津 ,评价负面
无伤大雅 ,评价负面
无生气 ,评价负面
无实效 ,评价负面
无实质 ,评价负面
无所帮助 ,评价负面
无所不用其极 ,评价负面
无特色 ,评价负面
无望 ,评价负面
无味 ,评价负面
无谓 ,评价负面
无吸引力 ,评价负面
无限制 ,评价负面
无效 ,评价负面
无依无靠 ,评价负面
无意义 ,评价负面
无益 ,评价负面
无用 ,评价负面
无原则 ,评价负面
无缘无故 ,评价负面
无证据 ,评价负面
无知 ,评价负面
无中生有 ,评价负面
无助 ,评价负面
无足轻重 ,评价负面
芜 ,评价负面
芜杂 ,评价负面
武断 ,评价负面
雾里看花 ,评价负面
误 ,评价负面
误诊 ,评价负面
稀里糊涂 ,评价负面
稀松 ,评价负面
稀松平常 ,评价负面
喜新厌旧 ,评价负面
细 ,评价负面
细碎 ,评价负面
细小 ,评价负面
瞎 ,评价负面
下 ,评价负面
下乘 ,评价负面
下道儿 ,评价负面
下等 ,评价负面
下贱 ,评价负面
下流 ,评价负面
下品 ,评价负面
下三烂 ,评价负面
下三滥 ,评价负面
下作 ,评价负面
吓人 ,评价负面
纤弱 ,评价负面
险 ,评价负面
险毒 ,评价负面
险恶 ,评价负面
险峻 ,评价负面
险峭 ,评价负面
险象环生 ,评价负面
险要 ,评价负面
险诈 ,评价负面
险阻 ,评价负面
现行 ,评价负面
羡余 ,评价负面
香艳 ,评价负面
享乐 ,评价负面
向上倾斜 ,评价负面
向下倾斜 ,评价负面
象征性 ,评价负面
萧 ,评价负面
萧然 ,评价负面
萧瑟 ,评价负面
萧森 ,评价负面
萧疏 ,评价负面
萧索 ,评价负面
萧条 ,评价负面
萧飒 ,评价负面
嚣杂 ,评价负面
嚣张 ,评价负面
消极 ,评价负面
小 ,评价负面
小肚鸡肠 ,评价负面
小儿科 ,评价负面
小家子气 ,评价负面
小家子相 ,评价负面
小里小气 ,评价负面
小气 ,评价负面
小手小脚 ,评价负面
小小不言 ,评价负面
小心眼 ,评价负面
小心眼儿 ,评价负面
笑里藏刀 ,评价负面
效率很差 ,评价负面
携贰 ,评价负面
邪 ,评价负面
邪恶 ,评价负面
斜 ,评价负面
斜体 ,评价负面
斜歪 ,评价负面
卸磨杀驴 ,评价负面
懈怠 ,评价负面
辛 ,评价负面
辛苦 ,评价负面
辛酸 ,评价负面
辛辛苦苦 ,评价负面
心不在焉 ,评价负面
心粗 ,评价负面
心地狭窄 ,评价负面
心毒 ,评价负面
心浮 ,评价负面
心黑手辣 ,评价负面
心狠 ,评价负面
心狠手辣 ,评价负面
心口不一 ,评价负面
心切 ,评价负面
心如蛇蝎 ,评价负面
心如铁石 ,评价负面
心胸狭隘 ,评价负面
心胸狭窄 ,评价负面
心眼儿小 ,评价负面
心眼儿窄 ,评价负面
心眼小 ,评价负面
心猿意马 ,评价负面
星星点点 ,评价负面
腥 ,评价负面
腥臭 ,评价负面
腥臊 ,评价负面
腥膻 ,评价负面
形单影只 ,评价负面
形格势禁 ,评价负面
形同路人 ,评价负面
形同虚设 ,评价负面
形影相吊 ,评价负面
行不通 ,评价负面
行为不端 ,评价负面
行为不检 ,评价负面
性格内向 ,评价负面
性急 ,评价负面
性情急躁 ,评价负面
凶 ,评价负面
凶巴巴 ,评价负面
凶暴 ,评价负面
凶残 ,评价负面
凶毒 ,评价负面
凶恶 ,评价负面
凶悍 ,评价负面
凶狠 ,评价负面
凶横 ,评价负面
凶狂 ,评价负面
凶蛮 ,评价负面
凶猛 ,评价负面
凶煞 ,评价负面
凶顽 ,评价负面
凶险 ,评价负面
凶戾 ,评价负面
胸无城府 ,评价负面
胸无点墨 ,评价负面
熊 ,评价负面
虚 ,评价负面
虚诞 ,评价负面
虚浮 ,评价负面
虚幻 ,评价负面
虚假 ,评价负面
虚空 ,评价负面
虚夸 ,评价负面
虚拟 ,评价负面
虚荣 ,评价负面
虚弱 ,评价负面
虚设 ,评价负面
虚妄 ,评价负面
虚伪 ,评价负面
虚无 ,评价负面
虚无飘渺 ,评价负面
虚无缥缈 ,评价负面
虚虚实实 ,评价负面
虚有其表 ,评价负面
虚诈 ,评价负面
絮 ,评价负面
絮叨 ,评价负面
絮聒 ,评价负面
喧 ,评价负面
喧天 ,评价负面
喧嚣 ,评价负面
喧杂 ,评价负面
喧噪 ,评价负面
悬 ,评价负面
悬乎 ,评价负面
悬空 ,评价负面
玄 ,评价负面
学究气 ,评价负面
学识浅薄 ,评价负面
学识谫陋 ,评价负面
雪上加霜 ,评价负面
血淋淋 ,评价负面
血腥 ,评价负面
血雨腥风 ,评价负面
牙碜 ,评价负面
亚 ,评价负面
烟雾弥漫 ,评价负面
烟雾腾腾 ,评价负面
严 ,评价负面
严加 ,评价负面
严峻 ,评价负面
严苛 ,评价负面
严酷 ,评价负面
严冷 ,评价负面
严厉 ,评价负面
严肃 ,评价负面
严重 ,评价负面
言不由衷 ,评价负面
言之无物 ,评价负面
眼巴巴 ,评价负面
眼光短浅 ,评价负面
眼皮子高 ,评价负面
眼皮子浅 ,评价负面
眼生 ,评价负面
衍 ,评价负面
扬长 ,评价负面
羊质虎皮 ,评价负面
阳奉阴违 ,评价负面
妖 ,评价负面
妖里妖气 ,评价负面
摇摇晃晃 ,评价负面
摇摇欲坠 ,评价负面
要不得 ,评价负面
野 ,评价负面
野鸡 ,评价负面
野蛮 ,评价负面
叶公好龙 ,评价负面
夜郎自大 ,评价负面
一把死拿 ,评价负面
一暴十寒 ,评价负面
一波三折 ,评价负面
一不小心 ,评价负面
一场空 ,评价负面
一成不变 ,评价负面
一触即溃 ,评价负面
一发千钧 ,评价负面
一锅粥 ,评价负面
一脸横肉 ,评价负面
一脸稚气 ,评价负面
一毛不拔 ,评价负面
一偏 ,评价负面
一贫如洗 ,评价负面
一钱不值 ,评价负面
一仍旧贯 ,评价负面
一手遮天 ,评价负面
一塌糊涂 ,评价负面
一团乱麻 ,评价负面
一团漆黑 ,评价负面
一团糟 ,评价负面
一文不名 ,评价负面
一文不值 ,评价负面
一窝蜂 ,评价负面
一无可取 ,评价负面
一无是处 ,评价负面
一无所长 ,评价负面
一无所有 ,评价负面
一言堂 ,评价负面
一掷千金 ,评价负面
依违 ,评价负面
依稀 ,评价负面
衣衫不整 ,评价负面
颐指气使 ,评价负面
疑难 ,评价负面
倚老卖老 ,评价负面
以怨报德 ,评价负面
易变 ,评价负面
易怒 ,评价负面
臆 ,评价负面
意马心猿 ,评价负面
义正词严 ,评价负面
溢价 ,评价负面
异常 ,评价负面
异形 ,评价负面
荫 ,评价负面
因循守旧 ,评价负面
殷 ,评价负面
殷切 ,评价负面
阴 ,评价负面
阴暗 ,评价负面
阴沉 ,评价负面
阴沉沉 ,评价负面
阴毒 ,评价负面
阴恶 ,评价负面
阴晦 ,评价负面
阴冷 ,评价负面
阴凄 ,评价负面
阴森 ,评价负面
阴森森 ,评价负面
阴损 ,评价负面
阴险 ,评价负面
阴险毒辣 ,评价负面
阴性 ,评价负面
阴阳怪气 ,评价负面
淫 ,评价负面
淫荡 ,评价负面
淫秽 ,评价负面
淫贱 ,评价负面
淫乱 ,评价负面
淫靡 ,评价负面
淫邪 ,评价负面
淫逸 ,评价负面
淫亵 ,评价负面
淫猥 ,评价负面
引起反感 ,评价负面
隐 ,评价负面
隐晦 ,评价负面
隐秘 ,评价负面
隐然 ,评价负面
隐身 ,评价负面
隐形 ,评价负面
隐性 ,评价负面
隐隐 ,评价负面
隐隐绰绰 ,评价负面
隐隐约约 ,评价负面
隐约 ,评价负面
应名儿 ,评价负面
影影绰绰 ,评价负面
硬 ,评价负面
硬气 ,评价负面
硬生生 ,评价负面
硬性 ,评价负面
拥挤 ,评价负面
拥挤不堪 ,评价负面
庸 ,评价负面
庸碌 ,评价负面
庸俗 ,评价负面
庸庸碌碌 ,评价负面
用不着 ,评价负面
幽 ,评价负面
幽暗 ,评价负面
幽晦 ,评价负面
幽幽 ,评价负面
幽冥 ,评价负面
幽黯 ,评价负面
优柔 ,评价负面
优柔寡断 ,评价负面
悠谬 ,评价负面
犹犹豫豫 ,评价负面
犹豫不决 ,评价负面
犹豫不前 ,评价负面
油 ,评价负面
油乎乎 ,评价负面
油滑 ,评价负面
油腻 ,评价负面
油腻腻 ,评价负面
油头滑脑 ,评价负面
油汪汪 ,评价负面
油脂麻花 ,评价负面
油渍渍 ,评价负面
有碍观瞻 ,评价负面
有弊 ,评价负面
有点旧 ,评价负面
有毒 ,评价负面
有毒性 ,评价负面
有害 ,评价负面
有名无实 ,评价负面
有难度 ,评价负面
有伤风化 ,评价负面
有失检点 ,评价负面
有失偏颇 ,评价负面
有失身分 ,评价负面
有始无终 ,评价负面
有恃无恐 ,评价负面
有头无尾 ,评价负面
有一搭没一搭 ,评价负面
有义务 ,评价负面
有罪 ,评价负面
幼稚 ,评价负面
迂 ,评价负面
迂腐 ,评价负面
迂阔 ,评价负面
迂拙 ,评价负面
于事无补 ,评价负面
愚 ,评价负面
愚笨 ,评价负面
愚不可及 ,评价负面
愚痴 ,评价负面
愚蠢 ,评价负面
愚钝 ,评价负面
愚陋 ,评价负面
愚鲁 ,评价负面
愚昧 ,评价负面
愚昧无知 ,评价负面
愚蒙 ,评价负面
愚傻 ,评价负面
愚顽 ,评价负面
愚妄 ,评价负面
愚拙 ,评价负面
余剩 ,评价负面
逾分 ,评价负面
鱼龙混杂 ,评价负面
鱼游釜中 ,评价负面
与虎谋皮 ,评价负面
与世隔绝 ,评价负面
与世无争 ,评价负面
语无伦次 ,评价负面
语焉不详 ,评价负面
羽毛未丰 ,评价负面
欲壑难填 ,评价负面
原始 ,评价负面
圆 ,评价负面
圆滑 ,评价负面
约略 ,评价负面
越轨 ,评价负面
越礼 ,评价负面
云遮雾障 ,评价负面
云谲波诡 ,评价负面
蕴藉 ,评价负面
晕头转向 ,评价负面
杂 ,评价负面
杂草丛生 ,评价负面
杂乱 ,评价负面
杂乱无章 ,评价负面
杂牌 ,评价负面
杂七杂八 ,评价负面
杂遝 ,评价负面
杂沓 ,评价负面
灾难性 ,评价负面
在困难中 ,评价负面
脏 ,评价负面
脏乎乎 ,评价负面
脏乱 ,评价负面
脏乱差 ,评价负面
脏兮兮 ,评价负面
糟 ,评价负面
糟糕 ,评价负面
凿空 ,评价负面
凿死理儿 ,评价负面
躁 ,评价负面
躁急 ,评价负面
躁狂 ,评价负面
造次 ,评价负面
造作 ,评价负面
贼 ,评价负面
贼溜溜 ,评价负面
贼眉鼠眼 ,评价负面
贼去关门 ,评价负面
贼头贼脑 ,评价负面
扎手 ,评价负面
轧 ,评价负面
窄 ,评价负面
张冠李戴 ,评价负面
张狂 ,评价负面
招致不幸 ,评价负面
照本宣科 ,评价负面
狰狞 ,评价负面
正色 ,评价负面
正颜厉色 ,评价负面
枝蔓 ,评价负面
支离 ,评价负面
支离破碎 ,评价负面
直呆呆 ,评价负面
直瞪瞪 ,评价负面
直盯盯 ,评价负面
直勾勾 ,评价负面
直愣愣 ,评价负面
执迷不悟 ,评价负面
执拗 ,评价负面
趾高气扬 ,评价负面
只顾自身利益 ,评价负面
只听楼梯响，不见人下来 ,评价负面
纸上谈兵 ,评价负面
纸醉金迷 ,评价负面
志大才疏 ,评价负面
智障 ,评价负面
稚气 ,评价负面
质次价高 ,评价负面
质量差 ,评价负面
滞 ,评价负面
滞背 ,评价负面
滞钝 ,评价负面
滞涩 ,评价负面
滞销 ,评价负面
窒闷 ,评价负面
重 ,评价负面
重沓 ,评价负面
众叛亲离 ,评价负面
皱 ,评价负面
皱巴 ,评价负面
皱巴巴 ,评价负面
皱皱巴巴 ,评价负面
竹篮打水 ,评价负面
竹篮子打水 ,评价负面
竹篮子打水一场空 ,评价负面
煮豆燃萁 ,评价负面
主观 ,评价负面
主观上 ,评价负面
讆 ,评价负面
专横 ,评价负面
专横跋扈 ,评价负面
专制 ,评价负面
转移性 ,评价负面
装备不良 ,评价负面
装模作样 ,评价负面
装腔 ,评价负面
装腔作势 ,评价负面
装相 ,评价负面
装样子 ,评价负面
赘 ,评价负面
赘余 ,评价负面
捉襟见肘 ,评价负面
捉摸不定 ,评价负面
拙 ,评价负面
拙笨 ,评价负面
拙劣 ,评价负面
着三不着两 ,评价负面
浊 ,评价负面
子虚 ,评价负面
子虚乌有 ,评价负面
自傲 ,评价负面
自大 ,评价负面
自负 ,评价负面
自高自大 ,评价负面
自豪 ,评价负面
自命不凡 ,评价负面
自命清高 ,评价负面
自恃 ,评价负面
自私 ,评价负面
自私自利 ,评价负面
自相矛盾 ,评价负面
纵恣 ,评价负面
走神 ,评价负面
走油 ,评价负面
嘴尖 ,评价负面
醉翁之意不在酒 ,评价负面
最差 ,评价负面
最坏 ,评价负面
罪不容诛 ,评价负面
罪大恶极 ,评价负面
罪恶 ,评价负面
罪恶多端 ,评价负面
罪恶深重 ,评价负面
罪恶滔天 ,评价负面
罪恶昭彰 ,评价负面
罪恶昭著 ,评价负面
罪该万死 ,评价负面
罪孽深重 ,评价负面
左 ,评价负面
做作 ,评价负面
作势 ,评价负面
坐而论道 ,评价负面
坐井观天 ,评价负面
兀突 ,评价负面
孬 ,评价负面
噩 ,评价负面
卮 ,评价负面
孛 ,评价负面
啬 ,评价负面
啬刻 ,评价负面
厝火积薪 ,评价负面
赝 ,评价负面
剌 ,评价负面
剌戾 ,评价负面
剽悍 ,评价负面
罔 ,评价负面
伧 ,评价负面
伧俗 ,评价负面
佶屈聱牙 ,评价负面
侉 ,评价负面
佻 ,评价负面
俚 ,评价负面
俚俗 ,评价负面
倜然 ,评价负面
倥 ,评价负面
倥侗 ,评价负面
倥偬 ,评价负面
倨 ,评价负面
倨傲 ,评价负面
傥 ,评价负面
僭 ,评价负面
儇 ,评价负面
巽 ,评价负面
亵 ,评价负面
羸弱 ,评价负面
跅弛 ,评价负面
跅驰 ,评价负面
冥 ,评价负面
冥顽 ,评价负面
冥顽不化 ,评价负面
冥顽不灵 ,评价负面
冥冥 ,评价负面
讷 ,评价负面
诎 ,评价负面
诘屈聱牙 ,评价负面
谫 ,评价负面
谫陋 ,评价负面
谲 ,评价负面
谲诈 ,评价负面
阢 ,评价负面
阽 ,评价负面
刍 ,评价负面
堙 ,评价负面
艽 ,评价负面
芴 ,评价负面
苴 ,评价负面
茕 ,评价负面
茕茕 ,评价负面
茕茕孑立 ,评价负面
茕茕孑立，形影相吊 ,评价负面
荏 ,评价负面
荏弱 ,评价负面
萋迷 ,评价负面
迍邅 ,评价负面
瞢 ,评价负面
拗 ,评价负面
拮据 ,评价负面
吆三喝四 ,评价负面
吆五喝六 ,评价负面
咄咄逼人 ,评价负面
哙 ,评价负面
哝 ,评价负面
啷 ,评价负面
嗲 ,评价负面
嗲声嗲气 ,评价负面
嘈 ,评价负面
嘈杂 ,评价负面
嘀里嘟噜 ,评价负面
岌岌 ,评价负面
岌岌不可终日 ,评价负面
岌岌可危 ,评价负面
嶙峋 ,评价负面
嶙嶙 ,评价负面
犷 ,评价负面
犷悍 ,评价负面
狃 ,评价负面
狎 ,评价负面
狎昵 ,评价负面
狯 ,评价负面
狷 ,评价负面
狷急 ,评价负面
猥 ,评价负面
猥鄙 ,评价负面
猥贱 ,评价负面
猥劣 ,评价负面
猥陋 ,评价负面
猥琐 ,评价负面
猥亵 ,评价负面
獐头鼠目 ,评价负面
獠 ,评价负面
舛 ,评价负面
馀 ,评价负面
廪 ,评价负面
忉 ,评价负面
忮 ,评价负面
忸忸怩怩 ,评价负面
忸怩作态 ,评价负面
怊 ,评价负面
恹 ,评价负面
恹恹 ,评价负面
悖 ,评价负面
悖晦 ,评价负面
悖谬 ,评价负面
悖逆 ,评价负面
悖妄 ,评价负面
悭 ,评价负面
悭吝 ,评价负面
悱 ,评价负面
愦 ,评价负面
愣 ,评价负面
愣头愣脑 ,评价负面
愀然 ,评价负面
愎 ,评价负面
慵懒 ,评价负面
懵 ,评价负面
懵懂 ,评价负面
懵里懵懂 ,评价负面
懵懵懂懂 ,评价负面
阙陋 ,评价负面
阙略 ,评价负面
湎 ,评价负面
溲 ,评价负面
溷浊 ,评价负面
滂 ,评价负面
澹然 ,评价负面
蹇 ,评价负面
遴 ,评价负面
邋里邋遢 ,评价负面
邋遢 ,评价负面
邋邋遢遢 ,评价负面
孱 ,评价负面
孱弱 ,评价负面
羼 ,评价负面
娆 ,评价负面
媸 ,评价负面
孑 ,评价负面
孑然 ,评价负面
孑然一身 ,评价负面
孑身 ,评价负面
驽 ,评价负面
驽钝 ,评价负面
骈枝 ,评价负面
绌 ,评价负面
缈 ,评价负面
缛 ,评价负面
缥缈 ,评价负面
缭乱 ,评价负面
幺麽 ,评价负面
杌 ,评价负面
桀 ,评价负面
桀骜不驯 ,评价负面
棼 ,评价负面
槁 ,评价负面
轫 ,评价负面
辁 ,评价负面
暧 ,评价负面
暧昧 ,评价负面
暝 ,评价负面
犟 ,评价负面
毵毵 ,评价负面
虢 ,评价负面
朦 ,评价负面
朦胧 ,评价负面
朦朦胧胧 ,评价负面
臊 ,评价负面
膻 ,评价负面
膻气 ,评价负面
膻腥 ,评价负面
熹微 ,评价负面
戾 ,评价负面
恝 ,评价负面
恝然 ,评价负面
恣 ,评价负面
恣肆 ,评价负面
恣意 ,评价负面
憝 ,评价负面
戆 ,评价负面
戆头戆脑 ,评价负面
沓 ,评价负面
硗 ,评价负面
硗薄 ,评价负面
硗瘠 ,评价负面
碜 ,评价负面
睨 ,评价负面
瞀 ,评价负面
瞑 ,评价负面
瞽 ,评价负面
锱铢必较 ,评价负面
鸷 ,评价负面
鸷悍 ,评价负面
疣赘 ,评价负面
瘠 ,评价负面
瘠薄 ,评价负面
癃 ,评价负面
癫狂 ,评价负面
窈冥 ,评价负面
窭 ,评价负面
窳 ,评价负面
窳败 ,评价负面
窳惰 ,评价负面
窳劣 ,评价负面
褊 ,评价负面
褊急 ,评价负面
褊狭 ,评价负面
褶 ,评价负面
矜 ,评价负面
矜持 ,评价负面
矜夸 ,评价负面
聒 ,评价负面
聒噪 ,评价负面
颛 ,评价负面
颛蒙 ,评价负面
颟顸 ,评价负面
蚍蜉撼大树 ,评价负面
蚍蜉撼树 ,评价负面
蚩 ,评价负面
蜻蜓点水 ,评价负面
笃 ,评价负面
箪食瓢饮 ,评价负面
趄 ,评价负面
蹩脚 ,评价负面
霭霭 ,评价负面
龃 ,评价负面
龃龉 ,评价负面
龉 ,评价负面
龌 ,评价负面
龌龊 ,评价负面
鲰 ,评价负面
饕 ,评价负面
黝 ,评价负面
黝暗 ,评价负面
黝黯 ,评价负面
黠 ,评价负面
黠慧 ,评价负面
黢 ,评价负面
黢黑 ,评价负面
黩 ,评价负面
黪 ,评价负面
黯 ,评价负面
黯淡 ,评价负面
黯然 ,评价负面
我,第一人称
我们,第一人称
本人,第一人称
偶,第一人称
俺,第一人称
孤,第一人称
朕,第一人称
人家,第一人称
寡人,第一人称
余,第一人称
吾,第一人称
在下,第一人称
鄙人,第一人称
私人,第一人称
咱,第一人称
洒家,第一人称
小生,第一人称
本座,第一人称
老夫,第一人称
哀家,第一人称
贫道,第一人称
？,标点符号
?,标点符号
！,标点符号
!,标点符号
~,标点符号
